Title,Director,Star Cast,Year,IMDb Rating,MetaScore,Certificates,Genre,Duration (minutes)
The Biggest Little Farm,John Chester,John Chester,2018,8,73,PG,Documentary,91
Pokémon the Movie 2000,Kunihiko Yuyama,Veronica Taylor,1999,6.1,28,G,Animation,99
When Hitler Stole Pink Rabbit,Caroline Link,Riva Krymalowski,2019,7,54,PG,Biography,100
Return from Witch Mountain,John Hough,Bette Davis,1978,5.7,51,G,Adventure,95
Summer Magic,James Neilson,Hayley Mills,1963,6.9,57.1,G,Comedy,110
Tall Tale,Jeremiah S. Chechik,Patrick Swayze,1995,5.9,57.1,PG,Adventure,96
The Powerpuff Girls Movie,Craig McCracken,Cathy Cavadini,2002,6.5,65,PG,Animation,73
Camp Hideout,Sean Olson,Corbin Bleu,2023,4.4,57.1,PG,Comedy,100
St Trinian's 2: The Legend of Fritton's Gold,Oliver Parker,Rupert Everett,2009,5.3,57.1,Not Rated,Adventure,106
The Wild Thornberrys,Cathy Malkasian,Tim Curry,2002,5.6,69,PG,Animation,85
The Care Bears Movie,Arna Selznick,Georgia Engel,1985,5.6,46,G,Animation,77
DuckTales the Movie: Treasure of the Lost Lamp,Bob Hathcock,Alan Young,1990,6.8,57.1,G,Animation,74
Noelle,Marc Lawrence,Anna Kendrick,2019,6.3,48,G,Comedy,100
The Dirt Bike Kid,Hoite C. Caston,Peter Billingsley,1985,5.3,57.1,PG,Comedy,90
A Family Affair,George B. Seitz,Lionel Barrymore,1937,6.6,57.1,Approved,Comedy,69
Mune: Guardian of the Moon,Alexandre Heboyan,Omar Sy,2014,7.1,57.1,PG,Animation,85
Shin Jigen! Crayon Shin-chan the Movie,Hitoshi Ône,Yumiko Kobayashi,2023,6.5,57.1,PG,Animation,100
Dr. Dolittle 2,Steve Carr,Eddie Murphy,2001,4.7,49,PG,Comedy,87
Return to Never Land,Robin Budd,Blayne Weaver,2002,5.8,49,G,Animation,72
Doraemon Nobita no Takarajima,Kazuaki Imai,Wasabi Mizuta,2018,6.6,57.1,PG,Animation,100
Christmas on Cherry Lane,Gail Harvey,Catherine Bell,2023,6.1,57.1,TV-G,Family,90
Diary of a Wimpy Kid,Gino Nichele,Cyrus Arnold,2021,5.1,50,PG,Animation,59
Biggles: Adventures in Time,John Hough,Neil Dickson,1986,5.6,57.1,PG,Adventure,108
Early Man,Nick Park,Eddie Redmayne,2018,6.1,68,PG,Animation,89
The Confirmation,Bob Nelson,Clive Owen,2016,6.4,65,PG-13,Adventure,101
Tad: The Lost Explorer,Enrique Gato,Óscar Barberán,2012,5.9,57.1,TV-PG,Animation,92
Alaska,Fraser C. Heston,Thora Birch,1996,5.7,57.1,PG,Adventure,109
The Three Caballeros,Norman Ferguson,Aurora Miranda,1944,6.3,85,G,Animation,71
Tom Sawyer,Don Taylor,Johnny Whitaker,1973,6.4,57.1,G,Adventure,103
FairyTale: A True Story,Charles Sturridge,Paul McGann,1997,6.5,57.1,PG,Drama,99
Pee-wee's Big Holiday,John Lee,Paul Reubens,2016,6.1,63,TV-PG,Comedy,90
Arthur and the Revenge of Maltazard,Luc Besson,Freddie Highmore,2009,5.2,57.1,PG,Animation,107
Jug Jugg Jeeyo,Raj Mehta,Varun Dhawan,2022,6.1,57.1,PG,Comedy,100
Shorts,Robert Rodriguez,Jimmy Bennett,2009,4.7,53,PG,Adventure,89
The Incredible Mr. Limpet,Arthur Lubin,Don Knotts,1964,6.5,57.1,G,Animation,99
Getting Even with Dad,Howard Deutch,Macaulay Culkin,1994,4.9,31,PG,Comedy,109
Batman,Lambert Hillyer,Lewis Wilson,1943,6.1,57.1,Approved,Action,260
Lassie,Daniel Petrie,Helen Slater,1994,5.8,57.1,PG,Family,94
Extinct,David Silverman,Adam Devine,2021,5.5,57.1,TV-Y7,Animation,84
The Peanut Butter Solution,Michael Rubbo,Mathew Mackay,1985,6,57.1,PG,Adventure,93
The Muppet Christmas Carol,Brian Henson,Michael Caine,1992,7.8,64,G,Comedy,85
Fireheart,Theodore Ty,Alice Pol,2022,6.2,57.1,TV-PG,Animation,92
The Princess Switch,Mike Rohl,Vanessa Hudgens,2018,6.1,57.1,TV-PG,Comedy,101
Racing Stripes,Frederik Du Chau,Frankie Muniz,2005,5.2,43,PG,Adventure,102
The Young and Prodigious T.S. Spivet,Jean-Pierre Jeunet,Helena Bonham Carter,2013,7,53,PG,Adventure,105
Bigfoot Family,Jérémie Degruson,Jules Medcraft,2020,5.8,57.1,TV-Y7,Animation,89
Heidi,Alain Gsponer,Anuk Steffen,2015,7.4,57.1,PG,Drama,100
Doctor Dolittle,Richard Fleischer,Rex Harrison,1967,6.1,34,G,Adventure,152
Think Like a Dog,Gil Junger,Megan Fox,2020,5.2,57.1,PG,Comedy,91
The Jungle Book 2,Steve Trenbirth,John Goodman,2003,5.3,38,G,Animation,72
The Diary of Anne Frank,George Stevens,Millie Perkins,1959,7.4,59,Approved,Biography,180
Nine Lives,Barry Sonnenfeld,Kevin Spacey,2016,5.3,11,PG,Comedy,87
Mio in the Land of Faraway,Vladimir Grammatikov,Nick Pickard,1987,6.3,57.1,PG,Adventure,99
Raksha Bandhan,Aanand L. Rai,Akshay Kumar,2022,5.4,57.1,PG,Comedy,100
Spirit Halloween,David Poag,Donovan Colan,2022,4.6,48,TV-14,Adventure,87
Lost & Found,Joseph Itaya,Justin Kelly,2016,5.4,57.1,PG,Adventure,90
Nightbooks,David Yarovesky,Winslow Fegley,2021,5.8,65,TV-PG,Family,103
The Trouble with Angels,Ida Lupino,Rosalind Russell,1966,7.3,57.1,PG,Comedy,112
The Apple Dumpling Gang,Norman Tokar,Bill Bixby,1975,6.4,59,G,Comedy,100
Arthur Christmas,Sarah Smith,James McAvoy,2011,7.1,69,PG,Animation,97
Dedh Bigha Zameen,Pulkit,Prasanna Bisht,2024,7,57.1,PG,Drama,100
The Red Turtle,Michael Dudok de Wit,Emmanuel Garijo,2016,7.5,86,PG,Animation,80
Steven Universe: The Movie,Rebecca Sugar,Zach Callison,2019,7.7,57.1,TV-PG,Animation,82
Where Time Began,Juan Piquer Simón,Kenneth More,1977,4.8,57.1,PG,Adventure,87
100% Wolf,Alexs Stadermann,Loren Gray,2020,5.6,57.1,PG,Animation,96
Everyone's Hero,Colin Brady,Jake T. Austin,2006,5.7,51,G,Animation,87
Cats Don't Dance,Mark Dindal,Scott Bakula,1997,6.9,62,G,Animation,75
Tarzan,Reinhard Klooss,Kellan Lutz,2013,4.8,57.1,PG,Animation,94
The Magician's Elephant,Wendy Rogers,Noah Jupe,2023,6.6,53,PG,Animation,99
Stand by Me Doraemon 2,Ryuichi Yagi,Bakarhythm,2020,7.5,57.1,Not Rated,Animation,96
Nadanna Sambhavam,Vishnu Narayan,Biju Menon,2024,7.3,57.1,PG,Drama,100
Life with Father,Michael Curtiz,William Powell,1947,7.1,73,Approved,Comedy,118
I Believe,Juergen Peretzki,Rowan Smyth,2017,5.6,57.1,G,Drama,89
Spirit Untamed,Elaine Bogan,Isabela Merced,2021,5.5,49,PG,Animation,88
Godzilla vs. Mechagodzilla,Jun Fukuda,Masaaki Daimon,1974,6.2,57.1,PG,Animation,84
Hotel for Dogs,Thor Freudenthal,Emma Roberts,2009,5.5,51,PG,Comedy,100
The Adventures of Rocky & Bullwinkle,Des McAnuff,Robert De Niro,2000,4.3,36,PG,Adventure,92
Friendly Persuasion,William Wyler,Gary Cooper,1956,7.3,57.1,Approved,Drama,137
Gold Diggers: The Secret of Bear Mountain,Kevin James Dobson,Christina Ricci,1995,6,57.1,PG,Adventure,93
Mysterious Island,Cy Endfield,Michael Craig,1961,6.7,57.1,Approved,Adventure,101
Lunana: A Yak in the Classroom,Pawo Choyning Dorji,Sherab Dorji,2019,7.5,76,PG,Drama,100
Judy Moody and the Not Bummer Summer,John Schultz,Jordana Beatty,2011,4.3,37,PG,Comedy,91
Kung Fu Yoga,Stanley Tong,Jackie Chan,2017,5.2,50,Not Rated,Action,107
Iron Will,Charles Haid,Mackenzie Astin,1994,6.6,56,PG,Adventure,108
Trouble,Kevin Johnson,Big Sean,2019,5.8,57.1,TV-Y7,Animation,87
The Adventures of Huck Finn,Stephen Sommers,Elijah Wood,1993,6.2,57.1,PG,Adventure,108
Babes in Toyland,Jack Donohue,Ray Bolger,1961,6.1,55,Approved,Comedy,106
The Court Jester,Melvin Frank,Danny Kaye,1955,7.8,57.1,Approved,Adventure,101
The Secret of Roan Inish,John Sayles,Jeni Courtney,1994,7.4,80,PG,Drama,103
Thunderstruck,John Whitesell,Kevin Durant,2012,5.1,57.1,PG,Comedy,94
Prom,Joe Nussbaum,Aimee Teegarden,2011,5.4,50,PG,Comedy,104
Secret of the Wings,Bobs Gannaway,Mae Whitman,2012,7,57.1,G,Animation,75
The Santa Clause 2,Michael Lembeck,Tim Allen,2002,5.7,48,G,Comedy,104
A Kid in King Arthur's Court,Michael Gottlieb,Thomas Ian Nicholas,1995,4.7,34,PG,Adventure,89
The Journey of Natty Gann,Jeremy Kagan,Meredith Salenger,1985,7,66,PG,Adventure,101
Asterix and Obelix vs. Caesar,Claude Zidi,Christian Clavier,1999,6,57.1,Not Rated,Adventure,109
Follow That Bird,Ken Kwapis,Caroll Spinney,1985,6.7,59,G,Adventure,88
My Father and My Son,Çagan Irmak,Çetin Tekindor,2005,8.2,57.1,Not Rated,Drama,112
Hoodwinked Too! Hood vs. Evil,Mike Disa,Hayden Panettiere,2011,4.7,20,PG,Animation,86
"Big Mommas: Like Father, Like Son",John Whitesell,Martin Lawrence,2011,4.4,22,PG-13,Action,107
The Thief of Bagdad,Ludwig Berger,Conrad Veidt,1940,7.4,57.1,Approved,Adventure,106
When the Game Stands Tall,Thomas Carter,Jim Caviezel,2014,6.6,41,PG,Biography,115
Catch That Kid,Bart Freundlich,Kristen Stewart,2004,5.2,33,PG,Action,91
House Arrest,Harry Winer,Jamie Lee Curtis,1996,5.8,57.1,PG,Comedy,108
Igor,Tony Leondis,John Cusack,2008,5.9,40,PG,Animation,87
New York Minute,Dennie Gordon,Mary-Kate Olsen,2004,4.9,33,PG,Adventure,91
Bandslam,Todd Graff,Aly Michalka,2009,6.3,66,PG,Comedy,111
All About Steve,Phil Traill,Sandra Bullock,2009,4.8,17,PG-13,Comedy,99
Yankee Doodle Dandy,Michael Curtiz,James Cagney,1942,7.6,89,Approved,Biography,126
Hoot,Wil Shriner,Logan Lerman,2006,5.5,46,PG,Adventure,91
The Chipmunk Adventure,Janice Karman,Ross Bagdasarian Jr.,1987,7.2,57.1,G,Animation,77
The Railway Children,Lionel Jeffries,Dinah Sheridan,1970,7.3,57.1,G,Drama,109
The Thief and the Cobbler,Richard Williams,Vincent Price,1993,7.1,57.1,G,Animation,99
The Santa Clause 3: The Escape Clause,Michael Lembeck,Tim Allen,2006,4.8,32,G,Adventure,92
The Rugrats Movie,Igor Kovalyov,Elizabeth Daily,1998,5.9,62,G,Animation,79
Trollhunters: Rise of the Titans,Johane Matte,Steve Alterman,2021,6.6,57.1,TV-Y7,Animation,104
Muppets from Space,Tim Hill,Dave Goelz,1999,6.2,53,G,Adventure,87
The Tale of Despereaux,Sam Fell,Matthew Broderick,2008,6.1,53,G,Animation,93
Christmas with the Kranks,Joe Roth,Tim Allen,2004,5.5,22,PG,Comedy,99
Wildfire: The Legend of the Cherokee Ghost Horse,Eric Parkinson,Anne Heche,2023,7.7,57.1,PG,Family,100
Dreamer,John Gatins,Kurt Russell,2005,6.8,59,PG,Drama,106
Next Gen,Kevin R. Adams,John Krasinski,2018,6.6,57.1,TV-PG,Animation,106
Buckley's Chance,Tim Brown,Bill Nighy,2021,5.6,57.1,PG,Family,100
Son of Rambow,Garth Jennings,Bill Milner,2007,7,66,PG-13,Action,96
The Country Bears,Peter Hastings,Haley Joel Osment,2002,4.3,37,G,Comedy,88
The Christmas Chronicles,Clay Kaytis,Kurt Russell,2018,7,52,PG,Adventure,104
Mighty Morphin Power Rangers: Once & Always,Charlie Haskell,Walter Jones,2023,5.7,62,TV-Y7-FV,Action,55
Maquia: When the Promised Flower Blooms,Masakazu Hashimoto,Manaka Iwami,2018,7.4,72,Not Rated,Animation,115
The Courtship of Eddie's Father,Vincente Minnelli,Glenn Ford,1963,6.8,57.1,Approved,Comedy,118
The Perfect Man,Mark Rosman,Hilary Duff,2005,5.4,27,PG,Comedy,100
Middle School: The Worst Years of My Life,Steve Carr,Griffin Gluck,2016,6.1,51,PG,Comedy,92
First Kid,David Mickey Evans,Sinbad,1996,5.2,48,PG,Comedy,101
3 Ninjas: Knuckle Up,Shin Sang-ok,Victor Wong,1995,4.3,39,PG-13,Action,85
Cats & Dogs: The Revenge of Kitty Galore,Brad Peyton,Bette Midler,2010,4.4,30,PG,Action,82
The Perfect Game,William Dear,Clifton Collins Jr.,2009,6.9,42,PG,Comedy,118
Crayon Shin-chan: Burst Serving! Kung Fu Boys - Ramen Rebellion,Wataru Takahashi,Arapon,2018,6.3,57.1,PG,Animation,100
Darby O'Gill and the Little People,Robert Stevenson,Albert Sharpe,1959,7.1,80,G,Adventure,93
Planes: Fire & Rescue,Bobs Gannaway,Dane Cook,2014,5.9,48,PG,Animation,83
Jem and the Holograms,Jon M. Chu,Aubrey Shea,2015,4.2,42,PG,Adventure,118
Free Willy 2: The Adventure Home,Dwight H. Little,Jason James Richter,1995,5.1,57.1,PG,Adventure,95
The Breadwinner,Nora Twomey,Saara Chaudry,2017,7.7,78,PG-13,Animation,94
Jack Frost,Troy Miller,Michael Keaton,1998,5.4,40,PG,Comedy,101
Homeward Bound II: Lost in San Francisco,David R. Ellis,Michael J. Fox,1996,5.9,57.1,G,Adventure,88
Penguin Bloom,Glendyn Ivin,Naomi Watts,2020,6.8,54,TV-14,Biography,95
Asterix at the Olympic Games,Frédéric Forestier,Gérard Depardieu,2008,5.2,57.1,Not Rated,Adventure,116
Dunston Checks In,Ken Kwapis,Jason Alexander,1996,5.4,54,PG,Adventure,88
Escape from Planet Earth,Cal Brunker,Brendan Fraser,2012,5.8,35,PG,Animation,89
How to Eat Fried Worms,Bob Dolman,Luke Benward,2006,5.3,56,PG,Comedy,84
That Darn Cat!,Robert Stevenson,Hayley Mills,1965,6.7,71,G,Comedy,116
Missing Link,Chris Butler,Hugh Jackman,2019,6.7,68,PG,Animation,93
Max Keeble's Big Move,Tim Hill,Alex D. Linz,2001,5.4,40,PG,Comedy,86
Pippi Longstocking,Olle Hellbom,Inger Nilsson,1969,7,57.1,G,Adventure,99
Black Beauty,Caroline Thompson,Sean Bean,1994,6.6,57.1,G,Adventure,88
Million Dollar Arm,Craig Gillespie,Jon Hamm,2014,7,56,PG,Biography,124
The Girl Who Leapt Through Time,Mamoru Hosoda,Riisa Naka,2006,7.7,66,TV-PG,Animation,98
Mars Needs Moms,Simon Wells,Seth Green,2011,5.4,49,PG,Animation,88
Little Women,Mervyn LeRoy,June Allyson,1949,7.2,61,Approved,Drama,122
G for Gap,Fei Long,Ge Hu,2024,7.2,57.1,PG,Comedy,100
The Forger,Lawrence Roeck,Lauren Bacall,2012,5.3,57.1,PG-13,Drama,94
The Last Mimzy,Robert Shaye,Joely Richardson,2007,6.2,59,PG,Action,90
The Secret of Kells,Tomm Moore,Evan McGuire,2009,7.5,81,Not Rated,Animation,75
Family Camp,Brian Cates,Tommy Woodard,2022,4.9,57.1,PG,Comedy,111
Black Beauty,Ashley Avis,Kate Winslet,2020,6.4,52,TV-PG,Drama,110
Veer-Zaara,Yash Chopra,Shah Rukh Khan,2004,7.8,67,Not Rated,Drama,192
Prom Pact,Anya Adams,Peyton Elizabeth Lee,2023,6.4,57.1,TV-14,Comedy,99
Peter Rabbit 2: The Runaway,Will Gluck,Rose Byrne,2021,6.2,43,PG,Animation,93
Dolphin Tale,Charles Martin Smith,Morgan Freeman,2011,6.8,64,PG,Drama,113
Old Dogs,Walt Becker,Robin Williams,2009,5.3,19,PG,Comedy,88
Parental Guidance,Andy Fickman,Billy Crystal,2012,6,36,PG,Comedy,105
Short Circuit 2,Kenneth Johnson,Fisher Stevens,1988,5.7,57.1,PG,Comedy,110
The Amazing Maurice,Toby Genkel,Hugh Laurie,2022,6.2,53,PG,Animation,93
Andre,George Miller,Tina Majorino,1994,5.7,57.1,PG,Adventure,94
Spencer's Mountain,Delmer Daves,Henry Fonda,1963,7,57.1,Approved,Drama,118
The 7th Voyage of Sinbad,Nathan Juran,Kerwin Mathews,1958,7,57.1,G,Action,88
A Cinderella Story: Starstruck,Charlotte Colbert,Bailee Madison,2021,5.5,57.1,PG,Comedy,100
Miracle on 34th Street,George Seaton,Edmund Gwenn,1947,7.9,88,Approved,Comedy,96
The Bear,Jean-Jacques Annaud,Tchéky Karyo,1988,7.7,60,PG,Adventure,96
Finding Your Feet,Richard Loncraine,Imelda Staunton,2017,6.8,53,PG-13,Comedy,111
Chupa,Jonás Cuarón,Demián Bichir,2023,5.5,48,PG,Action,95
Nim's Island,Jennifer Flackett,Jodie Foster,2008,6,55,PG,Adventure,96
The Little Prince,Stanley Donen,Richard Kiley,1974,6.4,57.1,G,Family,88
The Willoughbys,Kris Pearn,Will Forte,2020,6.4,68,PG,Animation,90
Shaun the Sheep Movie,Mark Burton,Justin Fletcher,2015,7.3,81,PG,Animation,85
A Greyhound of a Girl,Enzo D'Alò,Charlotte Infussi D'Amico,2023,7.2,57.1,PG,Animation,100
Goodbye Christopher Robin,Simon Curtis,Domhnall Gleeson,2017,7.1,54,PG,Biography,107
The Royal Treatment,Rick Jacobson,Laura Marano,2022,5.2,36,TV-PG,Comedy,96
Miracle on 34th Street,Les Mayfield,Richard Attenborough,1994,6.6,57.1,PG,Drama,114
Wonder Park,Dylan Brown,Sofia Mali,2019,5.9,45,PG,Animation,85
The War with Grandpa,Tim Hill,Robert De Niro,2020,5.7,34,PG,Comedy,94
Fantasy Football,Anton Cropper,Marsai Martin,2022,5.9,57.1,TV-PG,Action,98
Samson and Delilah,Cecil B. DeMille,Hedy Lamarr,1949,6.8,57.1,Approved,Drama,134
Zara Hatke Zara Bachke,Laxman Utekar,Vicky Kaushal,2023,6,57.1,Not Rated,Comedy,132
Night at the Museum: Kahmunrah Rises Again,Matt Danner,Joshua Bassett,2022,5,57.1,PG,Animation,77
Whale Rider,Niki Caro,Keisha Castle-Hughes,2002,7.5,80,PG-13,Drama,101
Rescued by Ruby,Katt Shea,Grant Gustin,2022,7.1,57.1,TV-G,Biography,90
A-X-L,Oliver Daly,Alex Neustaedter,2018,5.3,29,PG,Action,98
The Secret of Moonacre,Gabor Csupo,Ioan Gruffudd,2008,6,57.1,PG,Adventure,103
Yogi Bear,Eric Brevig,Dan Aykroyd,2010,4.6,35,PG,Animation,80
The Addams Family 2,Conrad Vernon,Oscar Isaac,2021,5.4,37,PG,Animation,93
Little Nemo: Adventures in Slumberland,Masami Hata,Gabriel Damon,1989,7.1,57.1,G,Animation,85
D.A.R.Y.L.,Simon Wincer,Mary Beth Hurt,1985,6.3,57.1,PG,Family,99
Treasure Island,Byron Haskin,Bobby Driscoll,1950,6.9,89,PG,Adventure,96
Fantasia 2000,James Algar,James Levine,1999,7.1,59,G,Animation,75
Benji,Brandon Camp,Gabriel Bateman,2018,6.3,53,TV-PG,Crime,87
102 Dalmatians,Michael D Moore,Glenn Close,2000,4.8,35,G,Adventure,100
My Favorite Martian,Donald Petrie,Christopher Lloyd,1999,5.1,33,PG,Comedy,94
Overcomer,Alex Kendrick,Alex Kendrick,2019,6.7,17,PG,Drama,119
Animal Crackers,Tony Bancroft,Emily Blunt,2017,5.8,60,PG,Animation,105
A Week Away,Roman White,Kevin Quinn,2021,5.8,32,TV-PG,Drama,94
A Simple Wish,Michael Ritchie,Martin Short,1997,5.3,57.1,PG,Comedy,89
Wonderwell,Vlad Marsavin,Carrie Fisher,2023,6,57.1,PG-13,Drama,96
A Street Cat Named Bob,Roger Spottiswoode,Luke Treadaway,2016,7.3,54,Not Rated,Biography,103
Animal Crackers,Victor Heerman,Groucho Marx,1930,7.4,77,G,Comedy,97
Rumble,Hamish Grieve,Geraldine Viswanathan,2021,5.9,48,PG,Animation,95
Snow Day,Chris Koch,Chevy Chase,2000,5.2,34,PG,Adventure,89
Too Old for Fairy Tales 2,Kristoffer Rus,Maciej Karas,2024,4.8,57.1,PG,Family,100
The Water Horse,Jay Russell,Emily Watson,2007,6.4,71,PG,Adventure,112
Flipper,Alan Shapiro,Paul Hogan,1996,5.3,43,PG,Adventure,95
Flow,Gints Zilbalodis,Daniel Radcliffe,2024,7.6,57.1,PG,Animation,100
The Ant Bully,John A. Davis,Paul Giamatti,2006,5.8,59,PG,Animation,88
Teen Titans GO! To the Movies,Aaron Horvath,Greg Cipes,2018,6.7,69,PG,Animation,84
The Kid,Charles Chaplin,Charles Chaplin,1921,8.2,57.1,Passed,Comedy,68
Once Upon a Forest,Charles Grosvenor,Michael Crawford,1993,6.4,57.1,G,Animation,71
We're Back! A Dinosaur's Story,Phil Nibbelink,John Goodman,1993,6,57.1,G,Animation,72
Nancy Drew,Andrew Fleming,Emma Roberts,2007,5.9,53,PG,Comedy,99
3 Ninjas Kick Back,Charles T. Kanganis,Victor Wong,1994,4.6,39,PG,Action,93
The Healer,Paco Arango,Oliver Jackson-Cohen,2016,6.4,57.1,Not Rated,Comedy,113
Lucy Shimmers and the Prince of Peace,Rob Diamond,Scarlett Diamond,2020,7.1,57.1,TV-G,Drama,87
The Beat Beneath My Feet,John Williams,Luke Perry,2014,6.4,57.1,TV-14,Comedy,91
Ruby Red,Felix Fuchssteiner,Josefine Preuß,2013,6,57.1,PG,Action,100
Beethoven's 2nd,Rod Daniel,Charles Grodin,1993,5,57.1,PG,Comedy,89
The Odd Life of Timothy Green,Peter Hedges,Jennifer Garner,2012,6.6,47,PG,Comedy,105
Rocky Aur Rani Kii Prem Kahaani,Karan Johar,Ranveer Singh,2023,6.5,57.1,Not Rated,Comedy,168
A Whisker Away,Jun'ichi Satô,Mirai Shida,2020,6.7,57.1,TV-PG,Animation,104
The Nut Job,Peter Lepeniotis,Will Arnett,2014,5.7,37,PG,Animation,85
Simon Birch,Mark Steven Johnson,Ian Michael Smith,1998,6.8,39,PG,Comedy,114
Paulie,John Roberts,Gena Rowlands,1998,6.5,57.1,PG,Adventure,91
BMX Bandits,Brian Trenchard-Smith,David Argue,1983,5.5,53,PG,Action,88
Strange Magic,Gary Rydstrom,Evan Rachel Wood,2015,5.7,25,PG,Animation,99
The Bad News Bears in Breaking Training,Michael Pressman,William Devane,1977,5.6,47,PG,Comedy,100
Shrek the Musical,Michael John Warren,Brian d'Arcy James,2013,6.9,57.1,TV-G,Comedy,130
Raise Your Voice,Sean McNamara,Hilary Duff,2004,5.8,33,PG,Family,103
Free Birds,Jimmy Hayward,Woody Harrelson,2013,5.8,38,PG,Animation,91
Over the Moon,Glen Keane,Glen Keane,2020,6.3,60,PG,Animation,95
Stuart Little 2,Rob Minkoff,Michael J. Fox,2002,5.5,66,PG,Adventure,77
Abbott and Costello Meet Frankenstein,Charles Barton,Bud Abbott,1948,7.3,69,Approved,Comedy,83
North,Rob Reiner,Elijah Wood,1994,4.5,57.1,PG,Adventure,87
Fun Size,Josh Schwartz,Victoria Justice,2012,5.4,37,PG-13,Adventure,86
The Boxtrolls,Graham Annable,Ben Kingsley,2014,6.8,61,PG,Animation,96
Harriet the Spy,Bronwen Hughes,Michelle Trachtenberg,1996,6,57.1,PG,Comedy,100
Pom Poko,Isao Takahata,Shinchô Kokontei,1994,7.3,77,PG,Animation,119
Underdog,Frederik Du Chau,Peter Dinklage,2007,4.8,37,PG,Action,84
Woody Woodpecker,Alex Zamm,Eric Bauza,2017,4.2,57.1,PG,Animation,91
Charlotte's Web,Charles Nichols,Debbie Reynolds,1973,6.9,73,G,Animation,94
Secret Society of Second Born Royals,Anna Mastro,Peyton Elizabeth Lee,2020,5,34,TV-PG,Action,99
The Wild,Steve 'Spaz' Williams,Kiefer Sutherland,2006,5.2,47,G,Animation,82
The Swan Princess,Richard Rich,Jack Palance,1994,6.4,70,G,Animation,90
An American Tail: Fievel Goes West,Phil Nibbelink,James Stewart,1991,6.5,57.1,G,Animation,75
Wild Hearts Can't Be Broken,Steve Miner,Gabrielle Anwar,1991,7.2,57.1,G,Drama,88
White Fang,Randal Kleiser,Ethan Hawke,1991,6.7,62,PG,Adventure,107
Captains Courageous,Victor Fleming,Spencer Tracy,1937,7.9,81,Approved,Adventure,117
The Muppets Take Manhattan,Frank Oz,Jim Henson,1984,6.8,64,G,Adventure,94
Thomas and the Magic Railroad,Britt Allcroft,Alec Baldwin,2000,4.2,19,G,Adventure,85
Planet 51,Jorge Blanco,Dwayne Johnson,2009,6,39,PG,Animation,91
Hop,Tim Hill,Russell Brand,2011,5.4,41,PG,Animation,95
The Yearling,Clarence Brown,Gregory Peck,1946,7.2,89,Approved,Drama,128
For Prophet,Mark Stewart Iverson,Ben Marten,2024,7.8,57.1,PG,Comedy,100
The Legend of Catclaws Mountain,Ritchie Greer,Hayden Hishaw,2024,5.1,57.1,PG,Family,104
Pokémon: The First Movie - Mewtwo Strikes Back,Kunihiko Yuyama,Veronica Taylor,1998,6.3,35,G,Animation,96
Meet Dave,Brian Robbins,Eddie Murphy,2008,5.1,43,PG,Adventure,90
Mavka: The Forest Song,Oleh Malamuzh,Sarah Natochenny,2023,6.6,57.1,PG,Animation,100
Hi Nanna,Shouryuv,Nani,2023,8.2,57.1,PG,Drama,100
The One and Only Ivan,Thea Sharrock,Sam Rockwell,2020,6.6,58,PG,Adventure,95
Dog Gone,Stephen Herek,Rob Lowe,2023,6.1,42,TV-PG,Biography,95
Madeline,Daisy von Scherler Mayer,Frances McDormand,1998,6,57.1,PG,Comedy,88
The Girl Who Believes in Miracles,Richard Correll,Mira Sorvino,2021,5.9,57.1,PG,Drama,100
Sinbad and the Eye of the Tiger,Sam Wanamaker,Patrick Wayne,1977,6.4,57.1,G,Action,113
Stormbreaker,Geoffrey Sax,Alex Pettyfer,2006,5.1,42,PG,Action,93
Nanny McPhee Returns,Susanna White,Emma Thompson,2010,6.1,52,PG,Comedy,109
Fly Away Home,Carroll Ballard,Jeff Daniels,1996,6.9,77,PG,Adventure,107
"Miraculous: Ladybug & Cat Noir, the Movie",Jeremy Zag,Annouck Hautbois,2023,6.1,57.1,PG,Animation,105
The Kid,Jon Turteltaub,Bruce Willis,2000,6.1,45,PG,Comedy,104
My Little Pony: A New Generation,Robert Cullen,Vanessa Hudgens,2021,6.8,57.1,PG,Animation,90
Tad the Lost Explorer and the Emerald Tablet,Enrique Gato,Óscar Barberán,2022,6,57.1,PG,Animation,90
Mr. Magorium's Wonder Emporium,Zach Helm,Natalie Portman,2007,6.2,48,G,Comedy,93
Kes,Ken Loach,David Bradley,1969,7.9,57.1,PG-13,Drama,111
Apollo 10½: A Space Age Childhood,Richard Linklater,Milo Coy,2022,7.2,79,PG-13,Animation,97
The Black Stallion,Carroll Ballard,Kelly Reno,1979,7.4,84,G,Adventure,118
Journey to Bethlehem,Adam Anders,Fiona Palomo,2023,6.4,57.1,PG,Adventure,99
Snow Dogs,Brian Levant,Cuba Gooding Jr.,2002,5.2,29,PG,Adventure,99
Mummies,Juan Jesús García Galocha,Óscar Barberán,2023,5.9,57.1,PG,Animation,88
Condorman,Charles Jarrott,Michael Crawford,1981,5.7,46,PG,Action,90
The Love Bug,Robert Stevenson,Dean Jones,1969,6.5,48,G,Comedy,108
The Curse of Bridge Hollow,Jeff Wadlow,Marlon Wayans,2022,5.6,38,TV-14,Adventure,89
Troop Zero,Bertie Ellwood,Mckenna Grace,2019,6.9,58,PG,Comedy,94
Artemis Fowl,Kenneth Branagh,Ferdia Shaw,2020,4.3,31,PG,Adventure,95
Autumn and the Black Jaguar,Gilles de Maistre,Emily Bett Rickards,2024,5.6,57.1,PG,Adventure,100
Our Town,Sam Wood,William Holden,1940,6.5,57.1,Approved,Drama,90
A Christmas Carol,Robert Zemeckis,Jim Carrey,2009,6.8,55,PG,Animation,96
The Peanuts Movie,Steve Martino,Noah Schnapp,2015,7,67,G,Animation,88
Mary and the Witch's Flower,Hiromasa Yonebayashi,Hana Sugisaki,2017,6.8,74,PG,Animation,103
The Great Muppet Caper,Jim Henson,Jim Henson,1981,7.1,70,G,Adventure,97
Zoey 102,Nancy Hower,Jamie Lynn Spears,2023,4.9,57.1,TV-14,Comedy,101
Luv Ki Arrange Marriage,Ishrat R. Khan,Ravi Chauhan,2024,4.7,57.1,PG,Comedy,100
Escape to Witch Mountain,John Hough,Eddie Albert,1975,6.3,60,G,Adventure,97
The Spy Next Door,Brian Levant,Jackie Chan,2010,5.4,27,PG,Action,94
Teenage Mutant Ninja Turtles III,Stuart Gillard,Elias Koteas,1993,4.8,40,PG,Action,96
The Secret Garden,Marc Munden,Dixie Egerickx,2020,5.6,59,PG,Drama,99
Eight Below,Frank Marshall,Paul Walker,2006,7.3,64,PG,Adventure,120
Smallfoot,Karey Kirkpatrick,Channing Tatum,2018,6.6,60,PG,Animation,96
Red Dog,Kriv Stenders,Josh Lucas,2011,7.3,57.1,PG,Biography,92
The Greatest Show on Earth,Cecil B. DeMille,James Stewart,1952,6.5,76,Approved,Drama,152
Muppets Most Wanted,James Bobin,Ricky Gervais,2014,6.4,61,PG,Adventure,107
Finding 'Ohana,Jude Weng,Kea Peahu,2021,6.1,69,PG,Action,123
Akeelah and the Bee,Doug Atchison,Angela Bassett,2006,7.4,72,PG,Drama,112
The Many Adventures of Winnie the Pooh,John Lounsbery,Sebastian Cabot,1977,7.5,57.1,G,Animation,74
Cloak & Dagger,Richard Franklin,Henry Thomas,1984,6.6,64,PG,Action,101
Stan & Ollie,Jon S. Baird,Steve Coogan,2018,7.2,75,PG,Biography,98
Zoom,Peter Hewitt,Tim Allen,2006,4.4,26,PG,Action,83
Old Yeller,Robert Stevenson,Dorothy McGuire,1957,7.2,84,Approved,Adventure,83
The Adventures of Milo and Otis,Masanori Hata,Kyôko Koizumi,1986,6.9,72,G,Adventure,76
Quest for Camelot,Frederik Du Chau,Jessalyn Gilsig,1998,6.2,50,G,Animation,86
Wendell & Wild,Henry Selick,Lyric Ross,2022,6.4,69,PG-13,Animation,105
The Wolf and the Lion,Gilles de Maistre,Molly Kunz,2021,6.2,36,PG,Adventure,99
Tall Girl 2,Emily Ting,Ava Michelle,2022,4.7,35,TV-PG,Comedy,97
Sherlock Gnomes,John Stevenson,Johnny Depp,2018,5.2,36,PG,Animation,86
"Alexander and the Terrible, Horrible, No Good, Very Bad Day",Miguel Arteta,Steve Carell,2014,6.2,54,PG,Comedy,81
Red Shoes and the Seven Dwarfs,Hong Sung-ho,Chloë Grace Moretz,2019,6.4,57.1,PG,Animation,92
Wolf Children,Mamoru Hosoda,Aoi Miyazaki,2012,8.1,71,PG,Animation,117
Batman: Mask of the Phantasm,Kevin Altieri,Kevin Conroy,1993,7.8,65,PG,Animation,76
Monster Trucks,Chris Wedge,Lucas Till,2016,5.7,41,PG,Action,104
Balto,Simon Wells,Kevin Bacon,1995,7.1,57.1,G,Animation,78
The Prince and Me,Martha Coolidge,Julia Stiles,2004,5.9,47,PG,Comedy,111
Ernest Scared Stupid,John R. Cherry III,Jim Varney,1991,5.8,38,PG,Comedy,91
Abominable,Jill Culton,Chloe Bennet,2019,7,61,PG,Animation,97
The Loud House Movie,Dave Needham,Asher Bishop,2021,6.1,57.1,TV-Y7,Animation,83
An Unfinished Life,Lasse Hallström,Jennifer Lopez,2005,7,49,PG-13,Drama,108
Where Is the Friend's House?,Abbas Kiarostami,Babek Ahmed Poor,1987,8.1,57.1,Not Rated,Drama,83
Ice Princess,Tim Fywell,Michelle Trachtenberg,2005,6,55,G,Comedy,98
Heaven Is for Real,Randall Wallace,Greg Kinnear,2014,5.8,47,PG,Biography,99
Legend of the Guardians: The Owls of Ga'Hoole,Zack Snyder,Jim Sturgess,2010,6.9,53,PG,Animation,97
Tom and Huck,Peter Hewitt,Jonathan Taylor Thomas,1995,5.5,57.1,PG,Adventure,97
Star Wars: The Clone Wars,Dave Filoni,Matt Lanter,2008,5.9,35,PG,Animation,98
The Nutcracker and the Four Realms,Lasse Hallström,Mackenzie Foy,2018,5.6,39,PG,Adventure,99
Mighty Joe Young,Ron Underwood,Bill Paxton,1998,5.7,51,PG,Action,114
Something from Tiffany's,Daryl Wein,Zoey Deutch,2022,6.2,46,PG,Comedy,87
From Up on Poppy Hill,Gorô Miyazaki,Sarah Bolger,2011,7.4,71,PG,Animation,91
Author! Author!,Arthur Hiller,Al Pacino,1982,6.2,42,PG,Comedy,110
My Girl 2,Howard Zieff,Dan Aykroyd,1994,5.3,57.1,PG,Comedy,99
Wild America,William Dear,Jonathan Taylor Thomas,1997,6.4,57.1,PG,Action,106
Jimmy Neutron: Boy Genius,John A. Davis,Debi Derryberry,2001,6.1,65,G,Animation,82
Diary of a Wimpy Kid: The Long Haul,David Bowers,Jason Drucker,2017,4.3,39,PG,Adventure,91
Kangaroo Jack,David McNally,Anthony Anderson,2003,4.5,16,PG,Action,89
"I Love You, Beth Cooper",Chris Columbus,Hayden Panettiere,2009,5.3,32,PG-13,Adventure,102
Are We There Yet?,Brian Levant,Ice Cube,2005,4.8,27,PG,Adventure,95
The Transformers: The Movie,Nelson Shin,Orson Welles,1986,7.2,43,PG,Animation,84
A Summer Tale,Ulf Malmros,Kjell Bergqvist,2000,7.3,57.1,PG,Comedy,100
Curly Sue,John Hughes,Jim Belushi,1991,5.9,57.1,PG,Comedy,101
Little Big League,Andrew Scheinman,Luke Edwards,1994,6.2,57,PG,Comedy,119
The House with a Clock in Its Walls,Eli Roth,Jack Black,2018,6.1,57,PG,Comedy,105
Pollyanna,David Swift,Jane Wyman,1960,7.4,66,G,Comedy,134
The Baby-Sitters Club,Melanie Mayron,Schuyler Fisk,1995,5.7,48,PG,Comedy,94
TMNT,Kevin Munroe,Patrick Stewart,2007,6.2,41,PG,Animation,87
1776,Peter H. Hunt,William Daniels,1972,7.6,57.1,PG,Drama,141
Happy Feet Two,George Miller,Elijah Wood,2011,5.8,50,PG,Animation,100
Aliens in the Attic,John Schultz,Ashley Tisdale,2009,5.4,42,PG,Adventure,86
Where Hope Grows,Chris Dowling,Kristoffer Polaha,2014,6.6,41,PG-13,Drama,95
Meet Me in St. Louis,Vincente Minnelli,Judy Garland,1944,7.5,94,Approved,Comedy,113
Secret Headquarters,Henry Joost,Owen Wilson,2022,5.2,47,PG,Action,104
The Watcher in the Woods,John Hough,Bette Davis,1980,6.1,52,PG,Family,84
The Big Green,Holly Goldberg Sloan,Steve Guttenberg,1995,5.5,57.1,PG,Comedy,100
The Mark of Zorro,Rouben Mamoulian,Tyrone Power,1940,7.5,57.1,Approved,Action,94
Around the World in 80 Days,Michael Anderson,David Niven,1956,6.7,69,G,Adventure,175
Paul Blart: Mall Cop 2,Andy Fickman,Kevin James,2015,4.4,13,PG,Action,94
Under the Boardwalk,David Soren,Keke Palmer,2023,5.9,57.1,PG,Animation,83
The Indian in the Cupboard,Frank Oz,Hal Scardino,1995,6,58,PG,Drama,96
My Little Pony: The Movie,Jayson Thiessen,Emily Blunt,2017,6.1,39,PG,Animation,99
Frankenweenie,Tim Burton,Winona Ryder,2012,6.9,74,PG,Animation,87
Song of the South,Harve Foster,Ruth Warrick,1946,6.9,54,Approved,Animation,94
The New Adventures of Pippi Longstocking,Ken Annakin,Tami Erin,1988,5.8,57.1,G,Adventure,100
Fat Albert,Joel Zwick,Kenan Thompson,2004,4.4,39,PG,Comedy,93
Rock-A-Doodle,Don Bluth,Glen Campbell,1991,6,57.1,G,Animation,77
Home on the Range,Will Finn,Judi Dench,2004,5.4,50,PG,Animation,76
Candy Cane Lane,Reginald Hudlin,Eddie Murphy,2023,5.6,47,PG,Comedy,117
The Pirates! Band of Misfits,Peter Lord,Hugh Grant,2012,6.7,73,PG,Animation,88
Thunderbirds,Jonathan Frakes,Bill Paxton,2004,4.3,36,PG,Action,95
G-Force,Hoyt Yeatman,Will Arnett,2009,5.1,41,PG,Animation,88
Father of the Bride Part II,Charles Shyer,Steve Martin,1995,6.1,49,PG,Comedy,106
My Oni Girl,Tomotaka Shibayama,Kenshô Ono,2024,6,57.1,TV-PG,Animation,112
Thumbelina,Don Bluth,Jodi Benson,1994,6.2,57.1,G,Animation,86
Good Burger 2,Phil Traill,Kel Mitchell,2023,5.3,48,TV-PG,Comedy,90
Feel the Beat,Elissa Down,Sofia Carson,2020,6.3,57.1,TV-G,Comedy,109
I Want to Eat Your Pancreas,Jun'ichi Fujise,Mahiro Takasugi,2018,8,57.1,Not Rated,Animation,109
Problem Child 2,Brian Levant,John Ritter,1991,4.9,57.1,PG-13,Comedy,90
Marmaduke,Tom Dey,Owen Wilson,2010,4.3,30,PG,Comedy,87
Song of the Sea,Tomm Moore,David Rawle,2014,8,85,PG,Animation,93
Tuck Everlasting,Jay Russell,Alexis Bledel,2002,6.6,66,PG,Drama,90
Cats & Dogs,Lawrence Guterman,Alec Baldwin,2001,5.2,47,PG,Action,87
Barnyard,Steve Oedekerk,Kevin James,2006,5.6,42,PG,Animation,90
The Extraordinary Adventures of Adèle Blanc-Sec,Luc Besson,Louise Bourgoin,2010,6.3,57.1,PG,Action,107
The Smurfs 2,Raja Gosnell,Neil Patrick Harris,2013,5.3,34,PG,Animation,105
Paws of Fury: The Legend of Hank,Chris Bailey,Michael Cera,2022,5.7,45,PG,Animation,98
Asterix & Obelix: The Middle Kingdom,Guillaume Canet,Guillaume Canet,2023,5.1,57.1,TV-PG,Adventure,112
A Dog's Way Home,Charles Martin Smith,Ashley Judd,2019,6.7,50,PG,Adventure,96
Spy Kids: Armageddon,Robert Rodriguez,Connor Esterson,2023,4.3,55,PG,Action,97
Belle,Mamoru Hosoda,Kaho Nakamura,2021,7.1,83,PG,Animation,121
Jingle All the Way,Brian Levant,Arnold Schwarzenegger,1996,5.7,34,PG,Adventure,89
Curious George,Matthew O'Callaghan,Will Ferrell,2006,6.5,62,G,Animation,87
When Marnie Was There,Hiromasa Yonebayashi,Sara Takatsuki,2014,7.6,72,PG,Animation,103
The Little Vampire,Uli Edel,Jonathan Lipnicki,2000,5.7,45,PG,Adventure,95
The King's Daughter,Sean McNamara,Pierce Brosnan,2022,5.1,31,PG,Action,98
Ernest Goes to Camp,John R. Cherry III,Jim Varney,1987,5.5,24,PG,Comedy,92
"Yours, Mine & Ours",Raja Gosnell,Dennis Quaid,2005,5.5,38,PG,Comedy,88
Dragon Ball Super: Broly,Tatsuya Nagamine,Masako Nozawa,2018,7.7,59,PG,Animation,100
D3: The Mighty Ducks,Robert Lieberman,Emilio Estevez,1996,5.5,57.1,PG,Action,104
Bean,Mel Smith,Rowan Atkinson,1997,6.5,52,PG-13,Adventure,89
Three Men and a Little Lady,Emile Ardolino,Tom Selleck,1990,5.5,51,PG,Comedy,104
Mr. Popper's Penguins,Mark Waters,Jim Carrey,2011,6,53,PG,Comedy,94
The Tale of The Princess Kaguya,Isao Takahata,Chloë Grace Moretz,2013,8,89,PG,Animation,137
Muppet Treasure Island,Brian Henson,Tim Curry,1996,6.9,64,G,Action,99
Dumbo,Samuel Armstrong,Sterling Holloway,1941,7.2,96,G,Animation,64
Gulliver's Travels,Rob Letterman,Jack Black,2010,4.9,33,PG,Adventure,85
Babe: Pig in the City,George Miller,Magda Szubanski,1998,5.8,68,PG,Adventure,97
Wolfwalkers,Tomm Moore,Honor Kneafsey,2020,8,87,PG,Animation,103
ParaNorman,Chris Butler,Kodi Smit-McPhee,2012,7,72,PG,Animation,92
The Haunted Mansion,Rob Minkoff,Eddie Murphy,2003,5.2,34,PG,Comedy,88
The Addams Family,Greg Tiernan,Oscar Isaac,2019,5.8,46,PG,Animation,86
Ryan's World the Movie: Titan Universe Adventure,Albie Hecht,Albie Hecht,2024,5.4,57.1,PG,Animation,83
Cheaper by the Dozen,Gail Lerner,Gabrielle Union,2022,4.6,42,PG,Comedy,107
Spy Kids 2: Island of Lost Dreams,Robert Rodriguez,Alexa PenaVega,2002,5.3,66,PG,Action,100
A Dog's Journey,Gail Mancuso,Josh Gad,2019,7.4,43,PG,Adventure,109
The NeverEnding Story II: The Next Chapter,George Miller,Jonathan Brandis,1990,5.1,30,PG,Adventure,89
Gnomeo & Juliet,Kelly Asbury,James McAvoy,2011,5.9,53,G,Animation,84
"Honey, I Blew Up the Kid",Randal Kleiser,Rick Moranis,1992,4.9,50,PG,Adventure,89
Agent Cody Banks,Harald Zwart,Frankie Muniz,2003,5.1,41,PG,Action,102
The Ice Age Adventures of Buck Wild,Marshall Fels Elliott,Utkarsh Ambudkar,2022,4.3,30,PG,Animation,82
Christmas Oranges,John Lyde,Edward Herrmann,2012,6.7,57.1,PG,Drama,101
Garfield: A Tail of Two Kitties,Tim Hill,Breckin Meyer,2006,5,37,PG,Adventure,82
Mirror Mirror,Tarsem Singh,Lily Collins,2012,5.6,46,PG,Adventure,106
"Sinbad, the Sailor",Richard Wallace,Douglas Fairbanks Jr.,1947,6.1,57.1,Approved,Adventure,116
Lady and the Tramp,Charlie Bean,Tessa Thompson,2019,6.2,48,PG,Adventure,111
The SpongeBob Movie: Sponge Out of Water,Paul Tibbitt,Tom Kenny,2015,6,62,PG,Animation,92
Smurfs: The Lost Village,Kelly Asbury,Demi Lovato,2017,6,40,PG,Animation,90
UglyDolls,Kelly Asbury,Kelly Clarkson,2019,5.1,39,PG,Animation,87
Leap!,Eric Summer,Elle Fanning,2016,6.7,48,PG,Animation,89
The Brave Little Toaster,Jerry Rees,Jon Lovitz,1987,7.2,57.1,G,Animation,90
The Monkey King,Anthony Stacchi,Jimmy O. Yang,2023,5.8,59,PG,Animation,97
Looney Tunes: Back in Action,Joe Dante,Brendan Fraser,2003,5.8,64,PG,Animation,91
Togo,Ericson Core,Willem Dafoe,2019,7.9,69,PG,Adventure,113
Alvin and the Chipmunks: Chipwrecked,Mike Mitchell,Justin Long,2011,4.4,24,G,Adventure,87
Arthur and the Invisibles,Luc Besson,Freddie Highmore,2006,6,39,PG,Animation,94
Secretariat,Randall Wallace,Diane Lane,2010,7.2,61,PG,Biography,123
Astro Boy,David Bowers,Freddie Highmore,2009,6.2,53,PG,Animation,94
The Pagemaster,Pixote Hunt,Macaulay Culkin,1994,6.1,57.1,G,Animation,80
Good Burger,Brian Robbins,Kel Mitchell,1997,5.8,41,PG,Comedy,95
The Little Prince,Mark Osborne,Jeff Bridges,2015,7.6,70,PG,Animation,108
Wish Dragon,Chris Appelhans,Jimmy Wong,2021,7.2,59,PG,Animation,98
SpaceCamp,Harry Winer,Kate Capshaw,1986,5.7,40,PG,Adventure,107
Winnie the Pooh,Stephen J. Anderson,Jim Cummings,2011,7.1,74,G,Animation,63
An American Tail,Don Bluth,Dom DeLuise,1986,6.9,38,G,Animation,80
My Bodyguard,Tony Bill,Chris Makepeace,1980,7.1,67,PG,Comedy,102
The SpongeBob Movie: Sponge on the Run,Tim Hill,Tim Hill,2020,5.9,65,PG,Animation,91
Harry and the Hendersons,William Dear,John Lithgow,1987,6.1,42,PG,Comedy,110
Greater,David L. Hunt,Neal McDonough,2016,7.4,35,PG,Biography,130
Playing with Fire,Andy Fickman,John Cena,2019,5.1,24,PG,Comedy,96
The Beverly Hillbillies,Penelope Spheeris,Diedrich Bader,1993,5,37,PG,Comedy,92
5 Centimeters per Second,Makoto Shinkai,Kenji Mizuhashi,2007,7.5,57.1,TV-PG,Animation,63
The Cat Returns,Hiroyuki Morita,Chizuru Ikewaki,2002,7.1,70,G,Animation,75
Blueback,Robert Connolly,Mia Wasikowska,2022,5.9,59,PG,Drama,102
Titan A.E.,Don Bluth,Matt Damon,2000,6.6,48,PG,Animation,94
Inspector Gadget,David Kellogg,Matthew Broderick,1999,4.2,36,PG,Action,78
Ron's Gone Wrong,Sarah Smith,Jack Dylan Grazer,2021,7.1,65,PG,Animation,107
Scoob!,Tony Cervone,Will Forte,2020,5.6,43,PG,Animation,93
Doctor Dolittle,Betty Thomas,Eddie Murphy,1998,5.4,46,PG-13,Comedy,85
Race to Witch Mountain,Andy Fickman,Dwayne Johnson,2009,5.7,52,PG,Action,98
Finding Neverland,Marc Forster,Johnny Depp,2004,7.7,67,PG,Biography,106
Spirited,Sean Anders,Will Ferrell,2022,6.6,55,PG-13,Comedy,127
A Monster Calls,J.A. Bayona,Lewis MacDougall,2016,7.4,76,PG-13,Adventure,108
Bambi,James Algar,Hardie Albright,1942,7.3,91,Approved,Animation,69
Flubber,Les Mayfield,Robin Williams,1997,5.3,38,PG,Comedy,93
Pete's Dragon,David Lowery,Bryce Dallas Howard,2016,6.7,71,PG,Action,102
Herbie Fully Loaded,Angela Robinson,Lindsay Lohan,2005,4.9,47,G,Adventure,101
The Sleepover,Trish Sie,Sadie Stanley,2020,5.7,46,TV-PG,Action,100
The Santa Clause,John Pasquin,Tim Allen,1994,6.6,57,PG,Comedy,97
Peter Rabbit,Will Gluck,James Corden,2018,6.6,51,PG,Animation,95
RocketMan,Stuart Gillard,Harland Williams,1997,5.9,57.1,PG,Comedy,95
Christopher Robin,Marc Forster,Ewan McGregor,2018,7.2,60,PG,Adventure,104
Spies in Disguise,Nick Bruno,Rachel Brosnahan,2019,6.8,54,PG,Animation,102
Zookeeper,Frank Coraci,Kevin James,2011,5.2,30,PG,Comedy,102
Delivery Man,Ken Scott,Vince Vaughn,2013,6.3,44,PG-13,Comedy,105
Asterix & Obelix: Mission Cleopatra,Alain Chabat,Gérard Depardieu,2002,6.7,57.1,PG,Adventure,107
The Jungle Book,Stephen Sommers,Jason Scott Lee,1994,6,63,PG,Adventure,111
"Yours, Mine and Ours",Melville Shavelson,Lucille Ball,1968,7.1,57.1,Unrated,Comedy,111
Zombies 3,Paul Hoen,Milo Manheim,2022,5.4,57.1,TV-G,Drama,88
Hocus Pocus 2,Anne Fletcher,Bette Midler,2022,6,56,PG,Comedy,103
Marcel the Shell with Shoes On,Dean Fleischer Camp,Jenny Slate,2021,7.7,80,PG,Animation,90
Children of Heaven,Majid Majidi,Mohammad Amir Naji,1997,8.2,77,PG,Drama,89
Young Hearts,Anthony Schatteman,Lou Goossens,2024,8.1,57.1,PG,Drama,100
Jason and the Argonauts,Don Chaffey,Todd Armstrong,1963,7.3,69,G,Action,104
The Lego Ninjago Movie,Charlie Bean,Jackie Chan,2017,6,55,PG,Animation,101
Mr. Bean's Holiday,Steve Bendelack,Rowan Atkinson,2007,6.4,56,G,Comedy,90
The Last Unicorn,Jules Bass,Jeff Bridges,1982,7.3,70,G,Animation,92
The Rookie,John Lee Hancock,Dennis Quaid,2002,6.9,72,G,Drama,127
Little Monsters,Richard Greenberg,Fred Savage,1989,6,57.1,PG,Adventure,100
Dumbo,Tim Burton,Colin Farrell,2019,6.3,51,PG,Adventure,112
A Christmas Story,Bob Clark,Peter Billingsley,1983,7.9,77,PG,Comedy,93
The Grinch,Yarrow Cheney,Benedict Cumberbatch,2018,6.4,51,PG,Animation,85
Beauty and the Beast,Christophe Gans,Vincent Cassel,2014,6.4,39,PG-13,Drama,112
"20,000 Leagues Under the Sea",Richard Fleischer,Kirk Douglas,1954,7.2,83,G,Adventure,127
Pete's Dragon,Don Chaffey,Sean Marshall,1977,6.3,46,G,Animation,128
The Sword in the Stone,Wolfgang Reitherman,Rickie Sorensen,1963,7.1,61,G,Animation,79
Kubo and the Two Strings,Travis Knight,Charlize Theron,2016,7.7,84,PG,Animation,101
Because of Winn-Dixie,Wayne Wang,AnnaSophia Robb,2005,6.4,54,PG,Comedy,106
Surf Ninjas,Neal Israel,Ernie Reyes Sr.,1993,5.1,57.1,PG,Action,87
Diary of a Wimpy Kid: Dog Days,David Bowers,Zachary Gordon,2012,6.3,54,PG,Comedy,94
Jungle 2 Jungle,John Pasquin,Tim Allen,1997,5.2,42,PG,Comedy,105
Oliver & Company,George Scribner,Joey Lawrence,1988,6.6,58,G,Animation,74
A Wrinkle in Time,Ava DuVernay,Storm Reid,2018,4.3,53,PG,Adventure,109
Like Mike,John Schultz,Shad Moss,2002,5.4,47,PG,Comedy,99
Planes,Klay Hall,Carlos Alazraqui,2013,5.7,39,PG,Animation,91
The Black Cauldron,Ted Berman,Grant Bardsley,1985,6.3,59,PG,Animation,80
Stars in My Crown,Jacques Tourneur,Joel McCrea,1950,7.4,57.1,Approved,Family,89
Clifford the Big Red Dog,Walt Becker,Darby Camp,2021,5.9,55,PG,Adventure,96
Bedknobs and Broomsticks,Robert Stevenson,Angela Lansbury,1971,7,59,G,Animation,117
Where the Wild Things Are,Spike Jonze,Max Records,2009,6.7,71,PG,Adventure,101
Yes Day,Miguel Arteta,Jennifer Garner,2021,5.7,46,PG,Comedy,86
Storks,Nicholas Stoller,Andy Samberg,2016,6.8,56,PG,Animation,87
Wallace & Gromit: The Curse of the Were-Rabbit,Steve Box,Peter Sallis,2005,7.5,87,G,Animation,85
Confessions of a Teenage Drama Queen,Sara Sugarman,Lindsay Lohan,2004,4.7,33,PG,Comedy,89
Pinocchio,Norman Ferguson,Dickie Jones,1940,7.5,99,Approved,Animation,88
Pan,Joe Wright,Levi Miller,2015,5.7,36,PG,Action,111
Alvin and the Chipmunks: The Road Chip,Walt Becker,Jason Lee,2015,4.9,33,PG,Adventure,92
Back to the Outback,Harry Cripps,Eric Bana,2021,6.5,58,PG,Animation,95
Vivo,Kirk DeMicco,Lin-Manuel Miranda,2021,6.7,66,PG,Animation,95
Antz,Eric Darnell,Woody Allen,1998,6.5,73,PG,Animation,83
Cheaper by the Dozen 2,Adam Shankman,Steve Martin,2005,5.5,34,PG,Adventure,94
High School Musical 3: Senior Year,Kenny Ortega,Zac Efron,2008,5,57,G,Comedy,112
Cloudy with a Chance of Meatballs 2,Cody Cameron,Bill Hader,2013,6.3,59,PG,Animation,95
Like Stars on Earth,Aamir Khan,Darsheel Safary,2007,8.3,57.1,PG,Drama,162
*batteries not included,Matthew Robbins,Hume Cronyn,1987,6.6,54,PG,Comedy,107
Osmosis Jones,Bobby Farrelly,Laurence Fishburne,2001,6.3,57,PG,Animation,95
The Music Man,Morton DaCosta,Robert Preston,1962,7.7,76,G,Comedy,151
The Borrowers,Peter Hewitt,John Goodman,1997,5.9,57.1,PG,Adventure,89
Hannah Montana: The Movie,Peter Chelsom,Miley Cyrus,2009,4.7,47,G,Comedy,102
Penguins of Madagascar,Eric Darnell,Tom McGrath,2014,6.6,53,PG,Animation,92
The Munsters,Rob Zombie,Sheri Moon Zombie,2022,4.5,57,PG,Comedy,109
Slumberland,Francis Lawrence,Jason Momoa,2022,6.7,40,PG,Adventure,117
The Next Karate Kid,Christopher Cain,Pat Morita,1994,4.5,36,PG,Action,107
Big City Greens the Movie: Spacecation,Anna O'Brian,Anna Akana,2024,6.4,57.1,TV-Y7,Animation,82
Woody Woodpecker Goes to Camp,Jonathan A. Rosenbaum,Mary-Louise Parker,2024,4.5,57.1,TV-G,Animation,100
Mr. Holmes,Bill Condon,Ian McKellen,2015,6.8,67,PG,Crime,104
Charlotte's Web,Gary Winick,Dakota Fanning,2006,6.3,68,G,Adventure,97
PAW Patrol: The Movie,Cal Brunker,Tyler Perry,2021,6.1,50,G,Animation,86
Max,Boaz Yakin,Thomas Haden Church,2015,6.6,47,PG,Adventure,111
Sinbad: Legend of the Seven Seas,Patrick Gilmore,Brad Pitt,2003,6.7,48,PG,Animation,86
Man of the House,James Orr,Chevy Chase,1995,5.2,57.1,PG,Comedy,96
The Tiger's Apprentice,Raman Hui,Henry Golding,2024,5.7,55,PG,Animation,84
A Nashville Wish,Demetrius Navarro,Lee Greenwood,2024,5.3,57.1,PG,Drama,102
Blank Check,Rupert Wainwright,Brian Bonsall,1994,5.3,42,PG,Comedy,93
Swiss Family Robinson,Ken Annakin,John Mills,1960,7.1,61,Approved,Adventure,126
The Fox and the Hound,Ted Berman,Mickey Rooney,1981,7.2,65,G,Animation,83
Captain Underpants: The First Epic Movie,David Soren,Kevin Hart,2017,6.2,69,PG,Animation,89
City of Ember,Gil Kenan,Saoirse Ronan,2008,6.4,58,PG,Adventure,90
Hoodwinked!,Cory Edwards,Anne Hathaway,2005,6.5,45,PG,Animation,80
Explorers,Joe Dante,Ethan Hawke,1985,6.4,58,PG,Adventure,109
James and the Giant Peach,Henry Selick,Paul Terry,1996,6.7,78,PG,Animation,79
The Karate Kid Part III,John G. Avildsen,Ralph Macchio,1989,5.3,36,PG,Action,112
Oliver!,Carol Reed,Mark Lester,1968,7.4,74,G,Drama,153
The Secret of NIMH,Don Bluth,Elizabeth Hartman,1982,7.5,76,G,Animation,82
Teenage Mutant Ninja Turtles II: The Secret of the Ooze,Michael Pressman,Paige Turco,1991,6,45,PG,Action,88
October Sky,Joe Johnston,Jake Gyllenhaal,1999,7.8,71,PG,Biography,108
Klaus,Sergio Pablos,Jason Schwartzman,2019,8.2,65,PG,Animation,96
The Ultimate Gift,Michael O. Sajbel,Drew Fuller,2006,7.3,49,PG,Drama,114
Home Alone 3,Raja Gosnell,Alex D. Linz,1997,4.6,57.1,PG,Action,102
"Lyle, Lyle, Crocodile",Josh Gordon,Javier Bardem,2022,6.1,51,PG,Adventure,106
Chip 'n Dale: Rescue Rangers,Akiva Schaffer,Andy Samberg,2022,7,66,PG,Animation,97
Lady and the Tramp,Clyde Geronimi,Barbara Luddy,1955,7.3,78,G,Animation,76
Chicken Little,Mark Dindal,Zach Braff,2005,5.7,48,G,Animation,81
The Secret Life of Pets 2,Chris Renaud,Patton Oswalt,2019,6.4,55,PG,Animation,86
The Thundermans Return,Trevor Kirschner,Kira Kosarin,2024,4.9,57.1,TV-G,Action,70
Evan Almighty,Tom Shadyac,Steve Carell,2007,5.4,37,PG,Comedy,96
We Have a Ghost,Christopher Landon,Jahi Di'Allo Winston,2023,6.1,53,PG-13,Adventure,126
Ramona and Beezus,Elizabeth Allen Rosenbaum,Joey King,2010,6.5,56,G,Comedy,103
Inkheart,Iain Softley,Brendan Fraser,2008,6.1,49,PG,Adventure,106
The Muppets,James Bobin,Amy Adams,2011,7.1,75,PG,Adventure,103
Problem Child,Dennis Dugan,Michael Oliver,1990,5.5,27,PG,Comedy,81
Ice Age: The Meltdown,Carlos Saldanha,Ray Romano,2006,6.8,59,PG,Animation,91
Whisper of the Heart,Yoshifumi Kondô,Yoko Honna,1995,7.8,75,G,Animation,111
The Boss Baby 2: Family Business,Tom McGrath,Alec Baldwin,2021,5.9,39,PG,Animation,107
Monsters vs. Aliens,Rob Letterman,Reese Witherspoon,2009,6.4,56,PG,Animation,94
Mr. Peabody & Sherman,Rob Minkoff,Ty Burrell,2014,6.8,59,PG,Animation,92
Sleeping Beauty,Les Clark,Mary Costa,1959,7.2,85,G,Animation,75
Percy Jackson: Sea of Monsters,Thor Freudenthal,Logan Lerman,2013,5.7,39,PG,Adventure,106
Little Giants,Duwayne Dunham,Rick Moranis,1994,6.4,57.1,PG,Comedy,107
Sleepover,Joe Nussbaum,Alexa PenaVega,2004,5.3,33,PG,Comedy,89
The Rescuers,John Lounsbery,Bob Newhart,1977,6.9,74,G,Animation,77
The Secret World of Arrietty,Hiromasa Yonebayashi,Bridgit Mendler,2010,7.6,80,G,Animation,94
The Great Mouse Detective,Ron Clements,Vincent Price,1986,7.1,73,G,Animation,74
The Three Stooges,Bobby Farrelly,Sean Hayes,2012,5.1,56,PG,Comedy,92
Alice Through the Looking Glass,James Bobin,Mia Wasikowska,2016,6.2,34,PG,Adventure,113
A Dog's Purpose,Lasse Hallström,Josh Gad,2017,7.2,43,PG,Adventure,100
Kicking & Screaming,Jesse Dylan,Will Ferrell,2005,5.6,45,PG,Comedy,95
Open Season,Roger Allers,Ashton Kutcher,2006,6.1,49,PG,Animation,86
10 Lives,Christopher Jenkins,Mo Gilligan,2024,5.9,57.1,TV-G,Animation,88
The Wiz,Sidney Lumet,Diana Ross,1978,5.5,53,G,Adventure,134
Horton Hears a Who!,Jimmy Hayward,Jim Carrey,2008,6.8,71,G,Animation,86
The Imaginary,Yoshiyuki Momose,Kokoro Terada,2023,6.7,66,PG,Animation,105
The Angry Birds Movie 2,Thurop Van Orman,Jason Sudeikis,2019,6.4,60,PG,Animation,97
Beethoven,Brian Levant,Charles Grodin,1992,5.7,57.1,PG,Comedy,87
Three Men and a Baby,Leonard Nimoy,Tom Selleck,1987,6.1,61,PG,Comedy,102
What a Girl Wants,Dennie Gordon,Amanda Bynes,2003,5.8,41,PG,Comedy,105
Soul Surfer,Sean McNamara,AnnaSophia Robb,2011,7,53,PG,Biography,112
Rio 2,Carlos Saldanha,Jesse Eisenberg,2014,6.3,49,G,Animation,101
The Sorcerer's Apprentice,Jon Turteltaub,Nicolas Cage,2010,6.1,46,PG,Action,109
The Croods: A New Age,Joel Crawford,Nicolas Cage,2020,6.9,56,PG,Animation,95
Strange World,Don Hall,Jake Gyllenhaal,2022,5.7,65,PG,Animation,102
The Polar Express,Robert Zemeckis,Tom Hanks,2004,6.6,61,G,Animation,100
Castle in the Sky,Hayao Miyazaki,Mayumi Tanaka,1986,8,78,PG,Animation,125
Alvin and the Chipmunks: The Squeakquel,Betty Thomas,Jason Lee,2009,4.5,41,PG,Adventure,88
Chicken Run,Peter Lord,Mel Gibson,2000,7.1,88,G,Animation,84
Doraemon the Movie: Nobita's Earth Symphony,Kazuaki Imai,Wasabi Mizuta,2024,6.8,57.1,PG,Animation,100
Daddy Day Care,Steve Carr,Eddie Murphy,2003,5.6,39,PG,Comedy,92
Scooby-Doo 2: Monsters Unleashed,Raja Gosnell,Freddie Prinze Jr.,2004,5.2,34,PG,Adventure,93
Monte Carlo,Thomas Bezucha,Selena Gomez,2011,5.8,43,PG,Adventure,109
Chicken Run: Dawn of the Nugget,Sam Fell,Thandiwe Newton,2023,6.4,63,PG,Animation,98
D2: The Mighty Ducks,Sam Weisman,Emilio Estevez,1994,6.1,57.1,PG,Comedy,106
Dennis the Menace,Nick Castle,Walter Matthau,1993,5.7,49,PG,Comedy,94
Rise of the Guardians,Peter Ramsey,Hugh Jackman,2012,7.2,58,PG,Animation,97
The Golden Compass,Chris Weitz,Nicole Kidman,2007,6.1,51,PG-13,Adventure,113
Spirit: Stallion of the Cimarron,Kelly Asbury,Matt Damon,2002,7.2,52,G,Animation,83
Bee Movie,Simon J. Smith,Jerry Seinfeld,2007,6.1,54,PG,Animation,91
Diary of a Wimpy Kid: Rodrick Rules,David Bowers,Zachary Gordon,2011,6.6,51,PG,Comedy,99
Brother Bear,Aaron Blaise,Joaquin Phoenix,2003,6.9,48,G,Animation,85
My Fair Lady,George Cukor,Audrey Hepburn,1964,7.7,95,G,Drama,170
The Book of Life,Jorge R. Gutiérrez,Diego Luna,2014,7.2,67,PG,Animation,95
Madagascar 3: Europe's Most Wanted,Eric Darnell,Ben Stiller,2012,6.8,60,PG,Animation,93
Lost in Space,Stephen Hopkins,Gary Oldman,1998,5.2,43,PG-13,Action,130
The Day the Earth Blew Up: A Looney Tunes Movie,Peter Browngardt,Eric Bauza,2024,8.4,57.1,PG,Animation,100
Around the World in 80 Days,Frank Coraci,Jackie Chan,2004,5.9,49,PG,Action,120
The Pacifier,Adam Shankman,Vin Diesel,2005,5.6,30,PG,Action,95
Peter Pan & Wendy,David Lowery,Alexander Molony,2023,4.4,61,PG,Action,106
True Spirit,Sarah Spillane,Alyla Browne,2023,6.8,50,TV-PG,Adventure,109
Fiddler on the Roof,Norman Jewison,Topol,1971,8,67,G,Drama,181
Marley & Me,David Frankel,Owen Wilson,2008,7,53,PG,Drama,115
Clash of the Titans,Desmond Davis,Laurence Olivier,1981,6.9,59,PG,Action,118
Eragon,Stefen Fangmeier,Ed Speleers,2006,5.1,38,PG,Action,104
Puss in Boots,Chris Miller,Antonio Banderas,2011,6.6,65,PG,Animation,90
Disenchanted,Adam Shankman,Amy Adams,2022,5.6,50,PG,Animation,119
Speed Racer,Lana Wachowski,Emile Hirsch,2008,6.1,37,PG,Action,135
Journey to the Center of the Earth,Henry Levin,James Mason,1959,7,57.1,Approved,Adventure,129
Maleficent: Mistress of Evil,Joachim Rønning,Angelina Jolie,2019,6.6,43,PG,Adventure,119
The Smurfs,Raja Gosnell,Hank Azaria,2011,5.4,30,PG,Animation,103
The Rescuers Down Under,Hendel Butoy,Bob Newhart,1990,6.8,68,G,Animation,77
The Great Race,Blake Edwards,Tony Curtis,1965,7.2,71,Approved,Action,160
DC League of Super-Pets,Jared Stern,Dwayne Johnson,2022,7.1,56,PG,Animation,105
Hairspray,John Waters,Sonny Bono,1988,7,77,PG,Comedy,92
Alice in Wonderland,Clyde Geronimi,Kathryn Beaumont,1951,7.3,68,Approved,Animation,75
Free Willy,Simon Wincer,Jason James Richter,1993,6,79,PG,Adventure,112
The Witches,Nicolas Roeg,Anjelica Huston,1990,6.8,78,PG,Adventure,91
One Hundred and One Dalmatians,Clyde Geronimi,Rod Taylor,1961,7.3,83,G,Animation,79
The Sea Beast,Chris Williams,Karl Urban,2022,7,74,PG,Animation,115
Mr. Hobbs Takes a Vacation,Henry Koster,James Stewart,1962,6.8,57.1,Approved,Comedy,116
Richie Rich,Donald Petrie,Macaulay Culkin,1994,5.4,49,PG,Comedy,95
A Little Princess,Alfonso Cuarón,Liesel Matthews,1995,7.6,83,G,Drama,97
Stuart Little,Rob Minkoff,Michael J. Fox,1999,6,61,PG,Adventure,84
Ella Enchanted,Tommy O'Haver,Anne Hathaway,2004,6.3,53,PG,Comedy,96
Surf's Up,Ash Brannon,Shia LaBeouf,2007,6.7,64,PG,Animation,85
The Muppet Movie,James Frawley,Jim Henson,1979,7.6,74,G,Adventure,95
The Call of the Wild,Chris Sanders,Harrison Ford,2020,6.7,48,PG,Adventure,100
The Lego Movie 2: The Second Part,Mike Mitchell,Chris Pratt,2019,6.5,65,PG,Animation,107
How to Train Your Dragon 2,Dean DeBlois,Jay Baruchel,2014,7.8,77,PG,Animation,102
Hotel Transylvania 2,Genndy Tartakovsky,Adam Sandler,2015,6.6,44,PG,Animation,89
How Green Was My Valley,John Ford,Walter Pidgeon,1941,7.7,88,Approved,Drama,118
Flight of the Navigator,Randal Kleiser,Joey Cramer,1986,6.9,64,PG,Adventure,90
The Wizard,Todd Holland,Fred Savage,1989,6.1,23,PG,Adventure,100
Monster House,Gil Kenan,Mitchel Musso,2006,6.7,68,PG,Animation,91
Bugsy Malone,Alan Parker,Jodie Foster,1976,6.8,71,G,Comedy,93
Ice Age: Dawn of the Dinosaurs,Carlos Saldanha,Ray Romano,2009,6.9,50,PG,Animation,94
Hotel Transylvania 3: Summer Vacation,Genndy Tartakovsky,Adam Sandler,2018,6.3,54,PG,Animation,97
Toys,Barry Levinson,Robin Williams,1992,5.1,40,PG-13,Adventure,118
The Adventures of Tintin,Steven Spielberg,Jamie Bell,2011,7.3,68,PG,Animation,107
It Takes Two,Andy Tennant,Kirstie Alley,1995,5.9,45,PG,Comedy,101
The Game Plan,Andy Fickman,Dwayne Johnson,2007,6.4,44,PG,Comedy,110
Fantasia,James Algar,Leopold Stokowski,1940,7.7,96,G,Animation,124
Trolls World Tour,Walt Dohrn,Anna Kendrick,2020,6.1,51,PG,Animation,91
Happy Feet,George Miller,Elijah Wood,2006,6.4,77,PG,Animation,108
Twelve,Steve Grimaldi,Erik Heger,2019,6.3,57.1,PG,Family,100
White Bird,Marc Forster,Gillian Anderson,2023,7.2,57.1,Not Rated,Adventure,120
Major Payne,Nick Castle,Damon Wayans,1995,6.3,34,PG-13,Adventure,95
Newsies,Kenny Ortega,Christian Bale,1992,6.9,46,PG,Drama,121
Meet the Robinsons,Stephen J. Anderson,Daniel Hansen,2007,6.8,61,G,Animation,95
Paul Blart: Mall Cop,Steve Carr,Kevin James,2009,5.3,39,PG,Action,91
Annie,Will Gluck,Quvenzhané Wallis,2014,5.4,33,PG,Comedy,118
The BFG,Steven Spielberg,Mark Rylance,2016,6.3,66,PG,Adventure,117
Snow White and the Seven Dwarfs,William Cottrell,Adriana Caselotti,1937,7.6,96,Approved,Animation,83
Home Alone 2: Lost in New York,Chris Columbus,Macaulay Culkin,1992,6.9,46,PG,Adventure,120
Epic,Chris Wedge,Amanda Seyfried,2013,6.6,52,PG,Animation,102
Corpse Bride,Tim Burton,Johnny Depp,2005,7.4,83,PG,Animation,77
Tall Girl,Nzingha Stewart,Ava Michelle,2019,5.2,57.1,TV-PG,Comedy,101
Elf,Jon Favreau,Will Ferrell,2003,7.1,66,PG,Adventure,97
The Chronicles of Narnia: The Voyage of the Dawn Treader,Michael Apted,Ben Barnes,2010,6.3,53,PG,Adventure,113
Daddy's Home,Sean Anders,Will Ferrell,2015,6.2,42,PG-13,Comedy,96
Babe,Chris Noonan,James Cromwell,1995,6.9,83,G,Comedy,91
Freaky Friday,Gary Nelson,Barbara Harris,1976,6.3,51,G,Comedy,98
Luck,Peggy Holmes,Eva Noblezada,2022,6.4,48,G,Animation,105
The Chronicles of Narnia: Prince Caspian,Andrew Adamson,Ben Barnes,2008,6.5,62,PG,Action,150
The Land Before Time,Don Bluth,Pat Hingle,1988,7.4,66,G,Animation,69
Air Bud,Charles Martin Smith,Michael Jeter,1997,5.3,57.1,PG,Comedy,98
I Can Only Imagine,Andrew Erwin,John Michael Finley,2018,7.3,30,PG,Biography,110
Bedtime Stories,Adam Shankman,Adam Sandler,2008,6,33,PG,Adventure,99
Tom & Jerry,Tim Story,Chloë Grace Moretz,2021,5.3,32,PG,Animation,101
The Kid Who Would Be King,Joe Cornish,Louis Ashbourne Serkis,2019,6.1,66,PG,Action,120
Guillermo del Toro's Pinocchio,Guillermo del Toro,Ewan McGregor,2022,7.6,79,PG,Animation,117
All Dogs Go to Heaven,Don Bluth,Dom DeLuise,1989,6.7,50,G,Animation,84
Nanny McPhee,Kirk Jones,Emma Thompson,2005,6.6,59,PG,Comedy,97
Turbo,David Soren,Ryan Reynolds,2013,6.4,58,PG,Animation,96
Ferdinand,Carlos Saldanha,John Cena,2017,6.7,58,PG,Animation,108
Hugo,Martin Scorsese,Asa Butterfield,2011,7.5,83,PG,Adventure,126
FernGully: The Last Rainforest,Bill Kroyer,Samantha Mathis,1992,6.5,67,G,Animation,76
Dinosaur,Eric Leighton,D.B. Sweeney,2000,6.4,56,PG,Animation,82
Miracles from Heaven,Patricia Riggen,Jennifer Garner,2016,7.1,44,PG,Biography,109
Mary Poppins Returns,Rob Marshall,Emily Blunt,2018,6.7,66,PG,Adventure,130
The SpongeBob SquarePants Movie,Stephen Hillenburg,Tom Kenny,2004,7.2,67,PG,Animation,87
The Spiderwick Chronicles,Mark Waters,Freddie Highmore,2008,6.5,62,PG,Action,96
Small Soldiers,Joe Dante,Kirsten Dunst,1998,6.3,57.1,PG-13,Action,110
How to Train Your Dragon: The Hidden World,Dean DeBlois,Jay Baruchel,2019,7.4,71,PG,Animation,104
George of the Jungle,Sam Weisman,Brendan Fraser,1997,5.5,53,PG,Action,92
A Cinderella Story,Mark Rosman,Hilary Duff,2004,5.9,25,PG,Comedy,95
Cool Runnings,Jon Turteltaub,John Candy,1993,7,60,PG,Adventure,98
Baby's Day Out,Patrick Read Johnson,Lara Flynn Boyle,1994,6.2,57.1,PG,Adventure,99
Cinderella,Clyde Geronimi,Ilene Woods,1950,7.3,85,G,Animation,74
The Aristocats,Wolfgang Reitherman,Phil Harris,1970,7.1,66,G,Animation,78
A Goofy Movie,Kevin Lima,Bill Farmer,1995,6.9,53,G,Animation,78
The Angry Birds Movie,Clay Kaytis,Jason Sudeikis,2016,6.3,43,PG,Animation,97
101 Dalmatians,Stephen Herek,Glenn Close,1996,5.7,50,G,Adventure,103
How the Grinch Stole Christmas,Ron Howard,Jim Carrey,2000,6.3,46,PG,Comedy,104
RV,Barry Sonnenfeld,Robin Williams,2006,5.6,33,PG,Adventure,99
We Can Be Heroes,Robert Rodriguez,YaYa Gosselin,2020,4.7,51,PG,Action,100
Haunted Mansion,Justin Simien,LaKeith Stanfield,2023,6,47,PG-13,Comedy,123
Space Jam: A New Legacy,Malcolm D. Lee,LeBron James,2021,4.5,36,PG,Animation,115
Cloudy with a Chance of Meatballs,Phil Lord,Anna Faris,2009,6.9,66,PG,Animation,90
Nacho Libre,Jared Hess,Jack Black,2006,5.9,52,PG,Comedy,92
The Good Dinosaur,Peter Sohn,Jeffrey Wright,2015,6.7,66,PG,Animation,93
Zathura: A Space Adventure,Jon Favreau,Josh Hutcherson,2005,6.3,67,PG,Action,101
Madagascar: Escape 2 Africa,Eric Darnell,Ben Stiller,2008,6.6,61,PG,Animation,89
Spy Kids 3: Game Over,Robert Rodriguez,Daryl Sabara,2003,4.4,57,PG,Action,84
The Dark Crystal,Jim Henson,Jim Henson,1982,7.1,66,PG,Adventure,93
Ice Age: Continental Drift,Steve Martino,Ray Romano,2012,6.5,49,PG,Animation,88
Family Switch,McG,Jennifer Garner,2023,5.7,37,PG,Comedy,106
The Lorax,Chris Renaud,Zac Efron,2012,6.4,46,PG,Animation,86
The Mitchells vs. the Machines,Michael Rianda,Abbi Jacobson,2021,7.6,81,PG,Animation,114
Ponyo,Hayao Miyazaki,Cate Blanchett,2008,7.6,86,G,Animation,101
St. Trinian's,Oliver Parker,Talulah Riley,2007,5.8,39,PG-13,Comedy,97
Into the Woods,Rob Marshall,Anna Kendrick,2014,5.9,69,PG,Adventure,125
The Karate Kid Part II,John G. Avildsen,Pat Morita,1986,6.1,55,PG,Action,113
Kiki's Delivery Service,Hayao Miyazaki,Kirsten Dunst,1989,7.8,85,G,Animation,103
Super Mario Bros.,Annabel Jankel,Bob Hoskins,1993,4.2,35,PG,Adventure,104
Flushed Away,David Bowers,Hugh Jackman,2006,6.6,74,PG,Animation,85
The Boss Baby,Tom McGrath,Alec Baldwin,2017,6.3,50,PG,Animation,97
Over the Hedge,Tim Johnson,Bruce Willis,2006,6.7,67,PG,Animation,83
3 Ninjas,Jon Turteltaub,Victor Wong,1992,5.3,36,PG,Action,84
Short Circuit,John Badham,Ally Sheedy,1986,6.6,50,PG,Comedy,98
PAW Patrol: The Mighty Movie,Cal Brunker,Dan Duran,2023,5.9,49,PG,Animation,88
Peter Pan,Clyde Geronimi,Bobby Driscoll,1953,7.3,76,G,Animation,77
Shark Tale,Bibo Bergeron,Will Smith,2004,6,48,PG,Animation,90
Pocahontas,Mike Gabriel,Mel Gibson,1995,6.7,59,G,Animation,81
Tooth Fairy,Michael Lembeck,Dwayne Johnson,2010,5,36,PG,Comedy,101
Space Jam,Joe Pytka,Michael Jordan,1996,6.5,57,PG,Animation,88
The Witches,Robert Zemeckis,Anne Hathaway,2020,5.4,47,PG,Adventure,106
Casper,Brad Silberling,Bill Pullman,1995,6.2,49,PG,Comedy,100
The Lizzie McGuire Movie,Jim Fall,Hilary Duff,2003,5.5,56,PG,Adventure,94
Mighty Morphin Power Rangers,Bryan Spicer,Karan Ashley,1995,5.3,40,PG,Action,95
Aquamarine,Elizabeth Allen Rosenbaum,Emma Roberts,2006,5.4,51,PG,Comedy,110
Dora and the Lost City of Gold,James Bobin,Isabela Merced,2019,6.1,63,PG,Action,102
Bolt,Byron Howard,John Travolta,2008,6.8,67,PG,Animation,96
A Series of Unfortunate Events,Brad Silberling,Jim Carrey,2004,6.8,62,PG,Adventure,108
Orion and the Dark,Sean Charmatz,Jacob Tremblay,2024,6.3,72,TV-Y7,Animation,93
The Croods,Kirk DeMicco,Nicolas Cage,2013,7.1,55,PG,Animation,98
The Secret Garden,Agnieszka Holland,Kate Maberly,1993,7.3,74,G,Drama,101
The Last Airbender,M. Night Shyamalan,Noah Ringer,2010,4,20,PG,Action,103
Alvin and the Chipmunks,Tim Hill,Jason Lee,2007,5.2,39,PG,Adventure,92
The Jungle Book,Wolfgang Reitherman,Phil Harris,1967,7.6,65,Approved,Animation,78
Hotel Transylvania 4: Transformania,Derek Drymon,Andy Samberg,2022,6,46,PG,Animation,87
Ralph Breaks the Internet,Phil Johnston,John C. Reilly,2018,7,71,PG,Animation,112
The Iron Giant,Brad Bird,Eli Marienthal,1999,8.1,85,PG,Animation,86
Cheaper by the Dozen,Shawn Levy,Steve Martin,2003,5.9,46,PG,Comedy,98
The Prince of Egypt,Brenda Chapman,Val Kilmer,1998,7.2,64,PG,Animation,99
The Hunchback of Notre Dame,Gary Trousdale,Demi Moore,1996,7,74,G,Animation,91
The Cat in the Hat,Bo Welch,Mike Myers,2003,4.1,19,PG,Adventure,82
My Sister's Keeper,Nick Cassavetes,Cameron Diaz,2009,7.3,51,PG-13,Drama,109
Dolittle,Stephen Gaghan,Robert Downey Jr.,2020,5.6,26,PG,Adventure,101
Homeward Bound: The Incredible Journey,Duwayne Dunham,Michael J. Fox,1993,6.9,57.1,G,Adventure,84
Pinocchio,Robert Zemeckis,Joseph Gordon-Levitt,2022,5.1,38,PG,Adventure,105
Chitty Chitty Bang Bang,Ken Hughes,Dick Van Dyke,1968,6.9,64,G,Adventure,144
The Ten Commandments,Cecil B. DeMille,Charlton Heston,1956,7.9,57.1,G,Adventure,220
Cinderella,Kay Cannon,Camila Cabello,2021,4.4,41,PG,Comedy,112
The Nightmare Before Christmas,Henry Selick,Danny Elfman,1993,7.9,82,PG,Animation,76
Hachi: A Dog's Tale,Lasse Hallström,Richard Gere,2009,8.1,57.1,G,Biography,93
Oz the Great and Powerful,Sam Raimi,James Franco,2013,6.3,44,PG,Adventure,130
Paddington 2,Paul King,Ben Whishaw,2017,7.8,88,PG,Adventure,103
The Rocketeer,Joe Johnston,Billy Campbell,1991,6.6,58,PG,Action,108
Rookie of the Year,Daniel Stern,Thomas Ian Nicholas,1993,6.1,53,PG,Comedy,103
Heavyweights,Steven Brill,Tom McGowan,1995,6.6,42,PG,Comedy,97
Paddington,Paul King,Hugh Bonneville,2014,7.3,77,PG,Adventure,95
Secondhand Lions,Tim McCanlies,Haley Joel Osment,2003,7.5,52,PG,Comedy,109
Shrek Forever After,Mike Mitchell,Mike Myers,2010,6.3,58,PG,Animation,93
The Mighty Ducks,Stephen Herek,Emilio Estevez,1992,6.6,46,PG,Comedy,104
Onward,Dan Scanlon,Tom Holland,2020,7.4,61,PG,Animation,102
Journey to the Center of the Earth,Eric Brevig,Brendan Fraser,2008,5.8,57,PG,Action,93
Night at the Museum: Secret of the Tomb,Shawn Levy,Ben Stiller,2014,6.2,47,PG,Adventure,98
Nimona,Nick Bruno,Chloë Grace Moretz,2023,7.5,75,PG,Animation,101
Finding Dory,Andrew Stanton,Ellen DeGeneres,2016,7.2,77,PG,Animation,97
Sky High,Mike Mitchell,Kurt Russell,2005,6.3,62,PG,Action,100
We Bought a Zoo,Cameron Crowe,Matt Damon,2011,7,58,PG,Comedy,124
Treasure Planet,Ron Clements,Joseph Gordon-Levitt,2002,7.2,60,PG,Animation,95
Enchanted,Kevin Lima,Amy Adams,2007,7.1,75,PG,Animation,107
Cars 3,Brian Fee,Owen Wilson,2017,6.7,59,G,Animation,102
Matilda: The Musical,Matthew Warchus,Alisha Weir,2022,7,72,PG,Comedy,117
Father of the Bride,Charles Shyer,Steve Martin,1991,6.6,51,PG,Comedy,105
Pokémon: Detective Pikachu,Rob Letterman,Ryan Reynolds,2019,6.5,53,PG,Action,104
Fantastic Beasts: The Crimes of Grindelwald,David Yates,Eddie Redmayne,2018,6.5,52,PG-13,Adventure,134
Saving Bikini Bottom: The Sandy Cheeks Movie,Liza Johnson,Carolyn Lawrence,2024,4.1,57.1,Not Rated,Animation,82
Big Fat Liar,Shawn Levy,Frankie Muniz,2002,5.5,36,PG,Adventure,88
Moonrise Kingdom,Wes Anderson,Jared Gilman,2012,7.8,84,PG-13,Adventure,94
Hocus Pocus,Kenny Ortega,Bette Midler,1993,6.9,43,PG,Comedy,96
"Are You There God? It's Me, Margaret.",Kelly Fremon Craig,Abby Ryder Fortson,2023,7.3,84,PG-13,Comedy,106
Peter Pan,P.J. Hogan,Jeremy Sumpter,2003,6.8,64,PG,Adventure,113
Robin Hood,Wolfgang Reitherman,Brian Bedford,1973,7.5,57,G,Animation,83
Shrek the Third,Chris Miller,Mike Myers,2007,6.1,58,PG,Animation,93
Anastasia,Don Bluth,Meg Ryan,1997,7.1,61,G,Animation,94
Maleficent,Robert Stromberg,Angelina Jolie,2014,6.9,56,PG,Action,97
Spy Kids,Robert Rodriguez,Alexa PenaVega,2001,5.6,71,PG,Action,88
Robots,Chris Wedge,Ewan McGregor,2005,6.4,64,PG,Animation,91
Rango,Gore Verbinski,Johnny Depp,2011,7.3,75,PG,Animation,107
Sister Act,Emile Ardolino,Whoopi Goldberg,1992,6.5,51,PG,Comedy,100
Return to Oz,Walter Murch,Fairuza Balk,1985,6.7,42,PG,Adventure,113
Garfield: The Movie,Peter Hewitt,Breckin Meyer,2004,5,27,PG,Adventure,80
Ice Age: Collision Course,Michael Thurmeier,Ray Romano,2016,5.7,34,PG,Animation,94
Lightyear,Angus MacLane,Chris Evans,2022,6.1,60,PG,Animation,105
The Parent Trap,David Swift,Hayley Mills,1961,7.2,73,G,Comedy,129
The Little Mermaid,Ron Clements,Jodi Benson,1989,7.6,88,G,Animation,83
The Emperor's New Groove,Mark Dindal,David Spade,2000,7.4,70,G,Animation,78
The Little Rascals,Penelope Spheeris,Travis Tedford,1994,6.3,45,PG,Comedy,82
The Princess Diaries 2: Royal Engagement,Garry Marshall,Anne Hathaway,2004,5.8,43,G,Comedy,113
Pee-wee's Big Adventure,Tim Burton,Paul Reubens,1985,7,47,PG,Adventure,91
Miss Peregrine's Home for Peculiar Children,Tim Burton,Eva Green,2016,6.7,57,PG-13,Adventure,127
Atlantis: The Lost Empire,Gary Trousdale,Michael J. Fox,2001,6.9,52,PG,Animation,95
My Neighbor Totoro,Hayao Miyazaki,Hitoshi Takagi,1988,8.1,86,G,Animation,86
Rio,Carlos Saldanha,Jesse Eisenberg,2011,6.9,63,G,Animation,96
Night at the Museum: Battle of the Smithsonian,Shawn Levy,Ben Stiller,2009,6,42,PG,Adventure,105
Tarzan,Chris Buck,Tony Goldwyn,1999,7.3,80,G,Animation,88
Raya and the Last Dragon,Don Hall,Kelly Marie Tran,2021,7.3,74,PG,Animation,107
Frozen II,Chris Buck,Kristen Bell,2019,6.8,64,PG,Animation,103
Madagascar,Eric Darnell,Chris Rock,2005,6.9,57,PG,Animation,86
Teenage Mutant Ninja Turtles,Steve Barron,Judith Hoag,1990,6.8,51,PG,Action,93
Megamind,Tom McGrath,Will Ferrell,2010,7.3,63,PG,Animation,95
Cars 2,John Lasseter,Owen Wilson,2011,6.2,57,G,Animation,106
Kung Fu Panda 2,Jennifer Yuh Nelson,Jack Black,2011,7.3,67,PG,Animation,90
The Road to El Dorado,Bibo Bergeron,Kevin Kline,2000,6.9,51,PG,Animation,89
Monsters University,Dan Scanlon,Billy Crystal,2013,7.2,65,G,Animation,104
Trolls,Mike Mitchell,Anna Kendrick,2016,6.4,55,PG,Animation,92
Diary of a Wimpy Kid,Thor Freudenthal,Zachary Gordon,2010,6.2,56,PG,Comedy,94
My Girl,Howard Zieff,Anna Chlumsky,1991,6.9,56,PG,Comedy,102
Sonic the Hedgehog,Jeff Fowler,Ben Schwartz,2020,6.5,47,PG,Action,99
The Bad Guys,Pierre Perifel,Sam Rockwell,2022,6.8,64,PG,Animation,100
Fantastic Mr. Fox,Wes Anderson,George Clooney,2009,7.9,83,PG,Animation,87
Fantastic Beasts and Where to Find Them,David Yates,Eddie Redmayne,2016,7.2,66,PG-13,Adventure,132
Sonic the Hedgehog 2,Jeff Fowler,James Marsden,2022,6.5,47,PG,Action,122
Journey 2: The Mysterious Island,Brad Peyton,Josh Hutcherson,2012,5.7,41,PG,Action,94
"Honey, I Shrunk the Kids",Joe Johnston,Rick Moranis,1989,6.4,63,PG,Adventure,93
It's a Wonderful Life,Frank Capra,James Stewart,1946,8.6,89,PG,Drama,130
Percy Jackson & the Olympians: The Lightning Thief,Chris Columbus,Logan Lerman,2010,5.9,47,PG,Adventure,118
Toy Story 2,John Lasseter,Tom Hanks,1999,7.9,88,G,Animation,92
The Karate Kid,Harald Zwart,Jackie Chan,2010,6.2,61,PG,Action,140
The Flintstones,Brian Levant,John Goodman,1994,5,38,PG,Comedy,91
Sister Act 2: Back in the Habit,Bill Duke,Whoopi Goldberg,1993,5.7,38,PG,Comedy,107
Big Hero 6,Don Hall,Ryan Potter,2014,7.8,74,PG,Animation,102
Hotel Transylvania,Genndy Tartakovsky,Adam Sandler,2012,7,47,PG,Animation,91
Wreck-It Ralph,Rich Moore,John C. Reilly,2012,7.7,72,PG,Animation,101
Turning Red,Domee Shi,Rosalie Chiang,2022,7,83,PG,Animation,100
Brave,Mark Andrews,Kelly Macdonald,2012,7.1,69,PG,Animation,93
Beauty and the Beast,Gary Trousdale,Paige O'Hara,1991,8,95,G,Animation,84
Ice Age,Chris Wedge,Denis Leary,2002,7.5,61,PG,Animation,81
The Secret Life of Pets,Chris Renaud,Louis C.K.,2016,6.5,61,PG,Animation,86
Aladdin,Ron Clements,Scott Weinger,1992,8,86,G,Animation,90
Mary Poppins,Robert Stevenson,Julie Andrews,1964,7.8,88,G,Comedy,139
Bridge to Terabithia,Gabor Csupo,Josh Hutcherson,2007,7.2,74,PG,Drama,96
Mulan,Tony Bancroft,Ming-Na Wen,1998,7.7,72,G,Animation,87
Kung Fu Panda 3,Alessandro Carloni,Jack Black,2016,7.1,66,PG,Animation,95
The Jungle Book,Jon Favreau,Neel Sethi,2016,7.4,77,PG,Animation,106
Alice in Wonderland,Tim Burton,Mia Wasikowska,2010,6.4,53,PG,Adventure,108
Fantastic Beasts: The Secrets of Dumbledore,David Yates,Eddie Redmayne,2022,6.2,47,PG-13,Adventure,142
Holes,Andrew Davis,Shia LaBeouf,2003,7,71,PG,Adventure,117
Little Women,Gillian Armstrong,Susan Sarandon,1994,7.3,87,PG,Drama,115
Harry Potter and the Half-Blood Prince,David Yates,Daniel Radcliffe,2009,7.6,78,PG,Action,153
The Princess and the Frog,Ron Clements,Anika Noni Rose,2009,7.2,73,G,Animation,97
Hook,Steven Spielberg,Dustin Hoffman,1991,6.8,52,PG,Adventure,142
How to Train Your Dragon,Dean DeBlois,Jay Baruchel,2010,8.1,75,PG,Animation,98
Toy Story 3,Lee Unkrich,Tom Hanks,2010,8.3,92,G,Animation,103
Camp Nowhere,Jonathan Prince,Jonathan Jackson,1994,6.1,57.1,PG,Adventure,96
A Bug's Life,John Lasseter,Kevin Spacey,1998,7.2,78,G,Animation,95
Leo,Robert Marianetti,Adam Sandler,2023,7,65,PG,Animation,102
Lilo & Stitch,Dean DeBlois,Daveigh Chase,2002,7.3,74,PG,Animation,85
Harry Potter and the Order of the Phoenix,David Yates,Daniel Radcliffe,2007,7.5,71,PG-13,Action,138
Toy Story 4,Josh Cooley,Tom Hanks,2019,7.7,84,G,Animation,100
Hercules,Ron Clements,Tate Donovan,1997,7.3,74,G,Animation,93
Shrek 2,Andrew Adamson,Mike Myers,2004,7.3,75,PG,Animation,93
Annie,John Huston,Aileen Quinn,1982,6.6,39,PG,Comedy,127
Sing,Garth Jennings,Matthew McConaughey,2016,7.1,59,PG,Animation,108
Luca,Enrico Casarosa,Jacob Tremblay,2021,7.4,71,PG,Animation,95
Who Framed Roger Rabbit,Robert Zemeckis,Bob Hoskins,1988,7.7,83,PG,Animation,104
Incredibles 2,Brad Bird,Craig T. Nelson,2018,7.5,80,PG,Animation,118
Tomorrowland,Brad Bird,George Clooney,2015,6.4,60,PG,Action,130
Thelma the Unicorn,Jared Hess,Brittany Howard,2024,5.8,64,PG,Animation,93
Matilda,Danny DeVito,Danny DeVito,1996,7,72,PG,Comedy,102
Aladdin,Guy Ritchie,Will Smith,2019,6.9,53,PG,Adventure,128
Field of Dreams,Phil Alden Robinson,Kevin Costner,1989,7.5,57,PG,Drama,107
Angels in the Outfield,William Dear,Danny Glover,1994,6.2,44,PG,Comedy,102
Coraline,Henry Selick,Dakota Fanning,2009,7.7,80,PG,Animation,100
E.T. the Extra-Terrestrial,Steven Spielberg,Henry Thomas,1982,7.9,92,PG,Adventure,115
The NeverEnding Story,Wolfgang Petersen,Noah Hathaway,1984,7.3,46,PG,Adventure,102
The Princess Diaries,Garry Marshall,Julie Andrews,2001,6.4,52,G,Comedy,115
Puss in Boots: The Last Wish,Joel Crawford,Antonio Banderas,2022,7.8,73,PG,Animation,102
Minions: The Rise of Gru,Kyle Balda,Steve Carell,2022,6.5,56,PG,Animation,87
Cinderella,Kenneth Branagh,Lily James,2015,6.9,67,PG,Adventure,105
The Lego Movie,Phil Lord,Chris Pratt,2014,7.7,83,PG,Animation,100
Despicable Me 2,Pierre Coffin,Steve Carell,2013,7.3,62,PG,Animation,98
Soul,Pete Docter,Jamie Foxx,2020,8,83,PG,Animation,100
Scooby-Doo,Raja Gosnell,Matthew Lillard,2002,5.3,35,PG,Adventure,86
Home,Tim Johnson,Jim Parsons,2015,6.5,55,PG,Animation,94
Minions,Kyle Balda,Sandra Bullock,2015,6.4,56,PG,Animation,91
Beauty and the Beast,Bill Condon,Emma Watson,2017,7.1,65,PG,Adventure,129
Home Alone,Chris Columbus,Macaulay Culkin,1990,7.7,63,PG,Comedy,103
Tangled,Nathan Greno,Mandy Moore,2010,7.7,71,PG,Animation,100
Robot Dreams,Pablo Berger,Daniel Radcliffe,2023,7.6,87,Not Rated,Animation,103
Harry Potter and the Deathly Hallows: Part 1,David Yates,Daniel Radcliffe,2010,7.7,65,PG-13,Adventure,146
"The Chronicles of Narnia: The Lion, the Witch and the Wardrobe",Andrew Adamson,Tilda Swinton,2005,6.9,75,PG,Adventure,143
Popeye,Robert Altman,Robin Williams,1980,5.4,64,PG,Adventure,114
The Sound of Music,Robert Wise,Julie Andrews,1965,8.1,63,G,Biography,172
WALL·E,Andrew Stanton,Ben Burtt,2008,8.4,95,G,Animation,98
Stardust,Matthew Vaughn,Charlie Cox,2007,7.6,66,PG-13,Adventure,127
Harry Potter and the Chamber of Secrets,Chris Columbus,Daniel Radcliffe,2002,7.4,63,PG,Adventure,161
Spider-Man: Into the Spider-Verse,Bob Persichetti,Shameik Moore,2018,8.4,87,PG,Animation,117
The Lion King,Jon Favreau,Donald Glover,2019,6.8,55,PG,Animation,118
Charlie and the Chocolate Factory,Tim Burton,Johnny Depp,2005,6.7,72,PG,Adventure,115
Frozen,Chris Buck,Kristen Bell,2013,7.4,75,PG,Animation,102
The Wizard of Oz,Victor Fleming,Judy Garland,1939,8.1,92,G,Adventure,102
Finding Nemo,Andrew Stanton,Albert Brooks,2003,8.2,90,G,Animation,100
Howl's Moving Castle,Hayao Miyazaki,Chieko Baishô,2004,8.2,82,PG,Animation,119
"Monsters, Inc.",Pete Docter,Billy Crystal,2001,8.1,79,G,Animation,92
Labyrinth,Jim Henson,David Bowie,1986,7.3,50,PG,Adventure,101
Willy Wonka & the Chocolate Factory,Mel Stuart,Gene Wilder,1971,7.8,67,G,Adventure,100
Harry Potter and the Prisoner of Azkaban,Alfonso Cuarón,Daniel Radcliffe,2004,7.9,82,PG,Adventure,142
Night at the Museum,Shawn Levy,Ben Stiller,2006,6.5,48,PG,Adventure,108
Zootopia,Byron Howard,Ginnifer Goodwin,2016,8,78,PG,Animation,108
Unsung Hero,Richard L. Ramsey,Daisy Betts,2024,7.1,46,PG,Drama,113
Trolls Band Together,Walt Dohrn,Anna Kendrick,2023,6,53,PG,Animation,91
Teenage Mutant Ninja Turtles: Mutant Mayhem,Jeff Rowe,Micah Abbey,2023,7.2,74,PG,Animation,99
Harry Potter and the Deathly Hallows: Part 2,David Yates,Daniel Radcliffe,2011,8.1,85,PG-13,Adventure,130
Encanto,Jared Bush,Stephanie Beatriz,2021,7.2,75,PG,Animation,102
Kung Fu Panda,Mark Osborne,Jack Black,2008,7.6,74,PG,Animation,92
Toy Story,John Lasseter,Tom Hanks,1995,8.3,96,G,Animation,81
Sing 2,Garth Jennings,Matthew McConaughey,2021,7.3,49,PG,Animation,110
The Bad News Bears,Michael Ritchie,Walter Matthau,1976,7.3,84,PG,Comedy,102
The Incredibles,Brad Bird,Craig T. Nelson,2004,8,90,PG,Animation,115
Despicable Me 3,Kyle Balda,Steve Carell,2017,6.2,49,PG,Animation,89
The Little Mermaid,Rob Marshall,Halle Bailey,2023,7.2,59,PG,Adventure,135
Shrek,Andrew Adamson,Mike Myers,2001,7.9,84,PG,Animation,90
The Lego Batman Movie,Chris McKay,Will Arnett,2017,7.3,75,PG,Animation,104
Jumanji,Joe Johnston,Robin Williams,1995,7.1,39,PG,Adventure,104
Harry Potter and the Goblet of Fire,Mike Newell,Daniel Radcliffe,2005,7.7,81,PG-13,Adventure,157
Coco,Lee Unkrich,Anthony Gonzalez,2017,8.4,81,PG,Animation,105
Moana,Ron Clements,Auli'i Cravalho,2016,7.6,81,PG,Animation,107
The Karate Kid,John G. Avildsen,Ralph Macchio,1984,7.3,60,PG,Action,126
The Parent Trap,Nancy Meyers,Lindsay Lohan,1998,6.7,63,PG,Adventure,128
Migration,Benjamin Renner,Kumail Nanjiani,2023,6.7,56,PG,Animation,83
Cars,John Lasseter,Owen Wilson,2006,7.2,73,G,Animation,116
Elemental,Peter Sohn,Leah Lewis,2023,7,58,PG,Animation,101
Spirited Away,Hayao Miyazaki,Daveigh Chase,2001,8.6,96,PG,Animation,125
Ratatouille,Brad Bird,Brad Garrett,2007,8.1,96,G,Animation,111
Despicable Me,Pierre Coffin,Steve Carell,2010,7.6,72,PG,Animation,95
The Super Mario Bros. Movie,Aaron Horvath,Chris Pratt,2023,7,46,PG,Animation,92
Up,Pete Docter,Edward Asner,2009,8.3,88,PG,Animation,96
Freaky Friday,Mark Waters,Jamie Lee Curtis,2003,6.3,70,PG,Comedy,97
The Sandlot,David Mickey Evans,Tom Guiry,1993,7.8,55,PG,Comedy,101
Wish,Chris Buck,Ariana DeBose,2023,5.6,47,PG,Animation,95
The Goonies,Richard Donner,Sean Astin,1985,7.7,62,PG,Adventure,114
Wonder,Stephen Chbosky,Jacob Tremblay,2017,7.9,66,PG,Drama,113
The Princess Bride,Rob Reiner,Cary Elwes,1987,8,78,PG,Adventure,98
Wonka,Paul King,Timothée Chalamet,2023,7,66,PG,Adventure,116
The Lion King,Roger Allers,Matthew Broderick,1994,8.5,88,G,Animation,88
Harry Potter and the Sorcerer's Stone,Chris Columbus,Daniel Radcliffe,2001,7.6,65,PG,Adventure,152
The Garfield Movie,Mark Dindal,Chris Pratt,2024,5.8,31,PG,Animation,101
Ultraman: Rising,Shannon Tindle,Christopher Sean,2024,7,66,PG,Animation,117
Kung Fu Panda 4,Mike Mitchell,Jack Black,2024,6.3,54,PG,Animation,94
The Boy and the Heron,Hayao Miyazaki,Soma Santoki,2023,7.5,91,PG-13,Animation,124
Despicable Me 4,Chris Renaud,Steve Carell,2024,6.3,50,PG,Animation,95
Inside Out,Pete Docter,Amy Poehler,2015,8.1,94,PG,Animation,95
IF,John Krasinski,Cailey Fleming,2024,6.5,46,PG,Animation,104
Inside Out 2,Kelsey Mann,Amy Poehler,2024,7.9,73,PG,Animation,96
